{
    "traceEvents": [
        {
            "name": "process_name",
            "ph": "M",
            "pid": 0,
            "args": {
                "name": "Allocators"
            }
        },
        {
            "name": "process_name",
            "ph": "M",
            "pid": 1,
            "args": {
                "name": "/job:localhost/replica:0/task:0/device:CPU:0 Compute"
            }
        },
        {
            "name": "process_name",
            "ph": "M",
            "pid": 2,
            "args": {
                "name": "/job:localhost/replica:0/task:0/device:CPU:0 Tensors"
            }
        },
        {
            "ph": "X",
            "cat": "Op",
            "name": "NoOp",
            "pid": 1,
            "tid": 0,
            "ts": 1538406396569842,
            "dur": 7,
            "args": {
                "name": "_SOURCE",
                "op": "NoOp"
            }
        },
        {
            "ph": "X",
            "cat": "Op",
            "name": "Const",
            "pid": 1,
            "tid": 0,
            "ts": 1538406396570109,
            "dur": 14,
            "args": {
                "name": "string_to_index_1/hash_table/Const",
                "op": "Const"
            }
        },
        {
            "ph": "X",
            "cat": "Op",
            "name": "Const",
            "pid": 1,
            "tid": 0,
            "ts": 1538406396570126,
            "dur": 4,
            "args": {
                "name": "SparseToDense/default_value",
                "op": "Const"
            }
        },
        {
            "ph": "X",
            "cat": "Op",
            "name": "Const",
            "pid": 1,
            "tid": 0,
            "ts": 1538406396570131,
            "dur": 5,
            "args": {
                "name": "SparseToDense_10/_0__cf__0",
                "op": "Const"
            }
        },
        {
            "ph": "X",
            "cat": "Op",
            "name": "Const",
            "pid": 1,
            "tid": 0,
            "ts": 1538406396570137,
            "dur": 4,
            "args": {
                "name": "SparseToDense_11/_1__cf__1",
                "op": "Const"
            }
        },
        {
            "ph": "X",
            "cat": "Op",
            "name": "Const",
            "pid": 1,
            "tid": 0,
            "ts": 1538406396570143,
            "dur": 3,
            "args": {
                "name": "SparseToDense_15/_2__cf__2",
                "op": "Const"
            }
        },
        {
            "ph": "X",
            "cat": "Op",
            "name": "HashTableV2",
            "pid": 1,
            "tid": 1,
            "ts": 1538406396570134,
            "dur": 13,
            "args": {
                "name": "string_to_index/hash_table",
                "op": "HashTableV2"
            }
        },
        {
            "ph": "X",
            "cat": "Op",
            "name": "Const",
            "pid": 1,
            "tid": 2,
            "ts": 1538406396570146,
            "dur": 3,
            "args": {
                "name": "SparseToDense_16/_3__cf__3",
                "op": "Const"
            }
        },
        {
            "ph": "X",
            "cat": "Op",
            "name": "Const",
            "pid": 1,
            "tid": 0,
            "ts": 1538406396570151,
            "dur": 2,
            "args": {
                "name": "SparseToDense_17/_4__cf__4",
                "op": "Const"
            }
        },
        {
            "ph": "X",
            "cat": "Op",
            "name": "Const",
            "pid": 1,
            "tid": 0,
            "ts": 1538406396570154,
            "dur": 2,
            "args": {
                "name": "SparseToDense_21/_5__cf__5",
                "op": "Const"
            }
        },
        {
            "ph": "X",
            "cat": "Op",
            "name": "HashTableV2",
            "pid": 1,
            "tid": 3,
            "ts": 1538406396570117,
            "dur": 41,
            "args": {
                "name": "string_to_index_1/hash_table",
                "op": "HashTableV2"
            }
        },
        {
            "ph": "X",
            "cat": "Op",
            "name": "Const",
            "pid": 1,
            "tid": 0,
            "ts": 1538406396570157,
            "dur": 3,
            "args": {
                "name": "SparseToDense_22/_6__cf__6",
                "op": "Const"
            }
        },
        {
            "ph": "X",
            "cat": "Op",
            "name": "Const",
            "pid": 1,
            "tid": 0,
            "ts": 1538406396570165,
            "dur": 3,
            "args": {
                "name": "SparseToDense_23/_7__cf__7",
                "op": "Const"
            }
        },
        {
            "ph": "X",
            "cat": "Op",
            "name": "Const",
            "pid": 1,
            "tid": 0,
            "ts": 1538406396570169,
            "dur": 2,
            "args": {
                "name": "SparseToDense_27/_8__cf__8",
                "op": "Const"
            }
        },
        {
            "ph": "X",
            "cat": "Op",
            "name": "Const",
            "pid": 1,
            "tid": 0,
            "ts": 1538406396570172,
            "dur": 2,
            "args": {
                "name": "SparseToDense_28/_9__cf__9",
                "op": "Const"
            }
        },
        {
            "ph": "X",
            "cat": "Op",
            "name": "Const",
            "pid": 1,
            "tid": 0,
            "ts": 1538406396570175,
            "dur": 2,
            "args": {
                "name": "SparseToDense_29/_10__cf__10",
                "op": "Const"
            }
        },
        {
            "ph": "X",
            "cat": "Op",
            "name": "Const",
            "pid": 1,
            "tid": 0,
            "ts": 1538406396570178,
            "dur": 3,
            "args": {
                "name": "SparseToDense_33/_12__cf__12",
                "op": "Const"
            }
        },
        {
            "ph": "X",
            "cat": "Op",
            "name": "Const",
            "pid": 1,
            "tid": 0,
            "ts": 1538406396570183,
            "dur": 2,
            "args": {
                "name": "StringSplit_10/_21__cf__21",
                "op": "Const"
            }
        },
        {
            "ph": "X",
            "cat": "Op",
            "name": "Const",
            "pid": 1,
            "tid": 0,
            "ts": 1538406396570191,
            "dur": 2,
            "args": {
                "name": "StringSplit_11/_24__cf__24",
                "op": "Const"
            }
        },
        {
            "ph": "X",
            "cat": "Op",
            "name": "Const",
            "pid": 1,
            "tid": 0,
            "ts": 1538406396570194,
            "dur": 2,
            "args": {
                "name": "StringSplit_11/_25__cf__25",
                "op": "Const"
            }
        },
        {
            "ph": "X",
            "cat": "Op",
            "name": "Const",
            "pid": 1,
            "tid": 0,
            "ts": 1538406396570197,
            "dur": 1,
            "args": {
                "name": "StringSplit_11/_26__cf__26",
                "op": "Const"
            }
        },
        {
            "ph": "X",
            "cat": "Op",
            "name": "Const",
            "pid": 1,
            "tid": 0,
            "ts": 1538406396570203,
            "dur": 4,
            "args": {
                "name": "StringSplit_12/_27__cf__27",
                "op": "Const"
            }
        },
        {
            "ph": "X",
            "cat": "Op",
            "name": "Const",
            "pid": 1,
            "tid": 0,
            "ts": 1538406396570208,
            "dur": 3,
            "args": {
                "name": "StringSplit_12/_28__cf__28",
                "op": "Const"
            }
        },
        {
            "ph": "X",
            "cat": "Op",
            "name": "Const",
            "pid": 1,
            "tid": 0,
            "ts": 1538406396570220,
            "dur": 4,
            "args": {
                "name": "StringSplit_12/_29__cf__29",
                "op": "Const"
            }
        },
        {
            "ph": "X",
            "cat": "Op",
            "name": "Const",
            "pid": 1,
            "tid": 0,
            "ts": 1538406396570225,
            "dur": 3,
            "args": {
                "name": "StringSplit_13/_30__cf__30",
                "op": "Const"
            }
        },
        {
            "ph": "X",
            "cat": "Op",
            "name": "Const",
            "pid": 1,
            "tid": 0,
            "ts": 1538406396570230,
            "dur": 3,
            "args": {
                "name": "StringSplit_13/_31__cf__31",
                "op": "Const"
            }
        },
        {
            "ph": "X",
            "cat": "Op",
            "name": "LookupTableFindV2",
            "pid": 1,
            "tid": 1,
            "ts": 1538406396570207,
            "dur": 27,
            "args": {
                "name": "hash_table_Lookup_8",
                "op": "LookupTableFindV2",
                "input0": "string_to_index/hash_table",
                "input1": "StringSplit_10:1",
                "input2": "string_to_index_1/hash_table/Const"
            }
        },
        {
            "ph": "s",
            "cat": "DataFlow",
            "name": "string_to_index_1/hash_table/Const",
            "pid": 1,
            "tid": 0,
            "ts": 1538406396570123,
            "id": 0
        },
        {
            "ph": "t",
            "cat": "DataFlow",
            "name": "string_to_index_1/hash_table/Const",
            "pid": 1,
            "tid": 1,
            "ts": 1538406396570207,
            "id": 0
        },
        {
            "ph": "X",
            "cat": "Op",
            "name": "LookupTableFindV2",
            "pid": 1,
            "tid": 2,
            "ts": 1538406396570226,
            "dur": 13,
            "args": {
                "name": "hash_table_Lookup_11",
                "op": "LookupTableFindV2",
                "input0": "string_to_index/hash_table",
                "input1": "StringSplit_11:1",
                "input2": "string_to_index_1/hash_table/Const"
            }
        },
        {
            "ph": "s",
            "cat": "DataFlow",
            "name": "string_to_index/hash_table",
            "pid": 1,
            "tid": 1,
            "ts": 1538406396570147,
            "id": 1
        },
        {
            "ph": "t",
            "cat": "DataFlow",
            "name": "string_to_index/hash_table",
            "pid": 1,
            "tid": 2,
            "ts": 1538406396570226,
            "id": 1
        },
        {
            "ph": "s",
            "cat": "DataFlow",
            "name": "string_to_index_1/hash_table/Const",
            "pid": 1,
            "tid": 0,
            "ts": 1538406396570123,
            "id": 2
        },
        {
            "ph": "t",
            "cat": "DataFlow",
            "name": "string_to_index_1/hash_table/Const",
            "pid": 1,
            "tid": 2,
            "ts": 1538406396570226,
            "id": 2
        },
        {
            "ph": "X",
            "cat": "Op",
            "name": "LookupTableFindV2",
            "pid": 1,
            "tid": 3,
            "ts": 1538406396570227,
            "dur": 17,
            "args": {
                "name": "hash_table_Lookup_20",
                "op": "LookupTableFindV2",
                "input0": "string_to_index_1/hash_table",
                "input1": "StringSplit_10:1",
                "input2": "string_to_index_1/hash_table/Const"
            }
        },
        {
            "ph": "s",
            "cat": "DataFlow",
            "name": "string_to_index_1/hash_table/Const",
            "pid": 1,
            "tid": 0,
            "ts": 1538406396570123,
            "id": 3
        },
        {
            "ph": "t",
            "cat": "DataFlow",
            "name": "string_to_index_1/hash_table/Const",
            "pid": 1,
            "tid": 3,
            "ts": 1538406396570227,
            "id": 3
        },
        {
            "ph": "X",
            "cat": "Op",
            "name": "Const",
            "pid": 1,
            "tid": 0,
            "ts": 1538406396570243,
            "dur": 4,
            "args": {
                "name": "StringSplit_13/_32__cf__32",
                "op": "Const"
            }
        },
        {
            "ph": "X",
            "cat": "Op",
            "name": "LookupTableFindV2",
            "pid": 1,
            "tid": 1,
            "ts": 1538406396570240,
            "dur": 12,
            "args": {
                "name": "hash_table_Lookup_12",
                "op": "LookupTableFindV2",
                "input0": "string_to_index_1/hash_table",
                "input1": "StringSplit_12:1",
                "input2": "string_to_index_1/hash_table/Const"
            }
        },
        {
            "ph": "s",
            "cat": "DataFlow",
            "name": "string_to_index_1/hash_table",
            "pid": 1,
            "tid": 3,
            "ts": 1538406396570158,
            "id": 4
        },
        {
            "ph": "t",
            "cat": "DataFlow",
            "name": "string_to_index_1/hash_table",
            "pid": 1,
            "tid": 1,
            "ts": 1538406396570240,
            "id": 4
        },
        {
            "ph": "s",
            "cat": "DataFlow",
            "name": "string_to_index_1/hash_table/Const",
            "pid": 1,
            "tid": 0,
            "ts": 1538406396570123,
            "id": 5
        },
        {
            "ph": "t",
            "cat": "DataFlow",
            "name": "string_to_index_1/hash_table/Const",
            "pid": 1,
            "tid": 1,
            "ts": 1538406396570240,
            "id": 5
        },
        {
            "ph": "X",
            "cat": "Op",
            "name": "SparseToDense",
            "pid": 1,
            "tid": 2,
            "ts": 1538406396570243,
            "dur": 11,
            "args": {
                "name": "SparseToDense_20",
                "op": "SparseToDense",
                "input0": "StringSplit_11",
                "input1": "StringSplit_11:2",
                "input2": "hash_table_Lookup_11",
                "input3": "SparseToDense/default_value"
            }
        },
        {
            "ph": "s",
            "cat": "DataFlow",
            "name": "SparseToDense/default_value",
            "pid": 1,
            "tid": 0,
            "ts": 1538406396570130,
            "id": 6
        },
        {
            "ph": "t",
            "cat": "DataFlow",
            "name": "SparseToDense/default_value",
            "pid": 1,
            "tid": 2,
            "ts": 1538406396570243,
            "id": 6
        },
        {
            "ph": "X",
            "cat": "Op",
            "name": "LookupTableFindV2",
            "pid": 1,
            "tid": 4,
            "ts": 1538406396570233,
            "dur": 22,
            "args": {
                "name": "hash_table_Lookup",
                "op": "LookupTableFindV2",
                "input0": "string_to_index/hash_table",
                "input1": "StringSplit_12:1",
                "input2": "string_to_index_1/hash_table/Const"
            }
        },
        {
            "ph": "s",
            "cat": "DataFlow",
            "name": "string_to_index/hash_table",
            "pid": 1,
            "tid": 1,
            "ts": 1538406396570147,
            "id": 7
        },
        {
            "ph": "t",
            "cat": "DataFlow",
            "name": "string_to_index/hash_table",
            "pid": 1,
            "tid": 4,
            "ts": 1538406396570233,
            "id": 7
        },
        {
            "ph": "s",
            "cat": "DataFlow",
            "name": "string_to_index_1/hash_table/Const",
            "pid": 1,
            "tid": 0,
            "ts": 1538406396570123,
            "id": 8
        },
        {
            "ph": "t",
            "cat": "DataFlow",
            "name": "string_to_index_1/hash_table/Const",
            "pid": 1,
            "tid": 4,
            "ts": 1538406396570233,
            "id": 8
        },
        {
            "ph": "X",
            "cat": "Op",
            "name": "_Retval",
            "pid": 1,
            "tid": 0,
            "ts": 1538406396570258,
            "dur": 1,
            "args": {
                "name": "_retval_SparseToDense_20_0_12",
                "op": "_Retval",
                "input0": "SparseToDense_20"
            }
        },
        {
            "ph": "s",
            "cat": "DataFlow",
            "name": "SparseToDense_20",
            "pid": 1,
            "tid": 2,
            "ts": 1538406396570254,
            "id": 9
        },
        {
            "ph": "t",
            "cat": "DataFlow",
            "name": "SparseToDense_20",
            "pid": 1,
            "tid": 0,
            "ts": 1538406396570258,
            "id": 9
        },
        {
            "ph": "X",
            "cat": "Op",
            "name": "SparseToDense",
            "pid": 1,
            "tid": 1,
            "ts": 1538406396570255,
            "dur": 10,
            "args": {
                "name": "SparseToDense_24",
                "op": "SparseToDense",
                "input0": "StringSplit_12",
                "input1": "StringSplit_12:2",
                "input2": "hash_table_Lookup_12",
                "input3": "SparseToDense/default_value"
            }
        },
        {
            "ph": "s",
            "cat": "DataFlow",
            "name": "SparseToDense/default_value",
            "pid": 1,
            "tid": 0,
            "ts": 1538406396570130,
            "id": 10
        },
        {
            "ph": "t",
            "cat": "DataFlow",
            "name": "SparseToDense/default_value",
            "pid": 1,
            "tid": 1,
            "ts": 1538406396570255,
            "id": 10
        },
        {
            "ph": "X",
            "cat": "Op",
            "name": "Const",
            "pid": 1,
            "tid": 3,
            "ts": 1538406396570253,
            "dur": 5,
            "args": {
                "name": "StringSplit_15/_33__cf__33",
                "op": "Const"
            }
        },
        {
            "ph": "X",
            "cat": "Op",
            "name": "LookupTableFindV2",
            "pid": 1,
            "tid": 5,
            "ts": 1538406396570247,
            "dur": 19,
            "args": {
                "name": "hash_table_Lookup_15",
                "op": "LookupTableFindV2",
                "input0": "string_to_index_1/hash_table",
                "input1": "StringSplit_13:1",
                "input2": "string_to_index_1/hash_table/Const"
            }
        },
        {
            "ph": "s",
            "cat": "DataFlow",
            "name": "string_to_index_1/hash_table",
            "pid": 1,
            "tid": 3,
            "ts": 1538406396570158,
            "id": 11
        },
        {
            "ph": "t",
            "cat": "DataFlow",
            "name": "string_to_index_1/hash_table",
            "pid": 1,
            "tid": 5,
            "ts": 1538406396570247,
            "id": 11
        },
        {
            "ph": "s",
            "cat": "DataFlow",
            "name": "string_to_index_1/hash_table/Const",
            "pid": 1,
            "tid": 0,
            "ts": 1538406396570123,
            "id": 12
        },
        {
            "ph": "t",
            "cat": "DataFlow",
            "name": "string_to_index_1/hash_table/Const",
            "pid": 1,
            "tid": 5,
            "ts": 1538406396570247,
            "id": 12
        },
        {
            "ph": "X",
            "cat": "Op",
            "name": "LookupTableFindV2",
            "pid": 1,
            "tid": 6,
            "ts": 1538406396570249,
            "dur": 19,
            "args": {
                "name": "hash_table_Lookup_3",
                "op": "LookupTableFindV2",
                "input0": "string_to_index/hash_table",
                "input1": "StringSplit_13:1",
                "input2": "string_to_index_1/hash_table/Const"
            }
        },
        {
            "ph": "s",
            "cat": "DataFlow",
            "name": "string_to_index/hash_table",
            "pid": 1,
            "tid": 1,
            "ts": 1538406396570147,
            "id": 13
        },
        {
            "ph": "t",
            "cat": "DataFlow",
            "name": "string_to_index/hash_table",
            "pid": 1,
            "tid": 6,
            "ts": 1538406396570249,
            "id": 13
        },
        {
            "ph": "s",
            "cat": "DataFlow",
            "name": "string_to_index_1/hash_table/Const",
            "pid": 1,
            "tid": 0,
            "ts": 1538406396570123,
            "id": 14
        },
        {
            "ph": "t",
            "cat": "DataFlow",
            "name": "string_to_index_1/hash_table/Const",
            "pid": 1,
            "tid": 6,
            "ts": 1538406396570249,
            "id": 14
        },
        {
            "ph": "X",
            "cat": "Op",
            "name": "_Retval",
            "pid": 1,
            "tid": 0,
            "ts": 1538406396570268,
            "dur": 1,
            "args": {
                "name": "_retval_SparseToDense_24_0_16",
                "op": "_Retval",
                "input0": "SparseToDense_24"
            }
        },
        {
            "ph": "s",
            "cat": "DataFlow",
            "name": "SparseToDense_24",
            "pid": 1,
            "tid": 1,
            "ts": 1538406396570265,
            "id": 15
        },
        {
            "ph": "t",
            "cat": "DataFlow",
            "name": "SparseToDense_24",
            "pid": 1,
            "tid": 0,
            "ts": 1538406396570268,
            "id": 15
        },
        {
            "ph": "X",
            "cat": "Op",
            "name": "Const",
            "pid": 1,
            "tid": 1,
            "ts": 1538406396570269,
            "dur": 4,
            "args": {
                "name": "StringSplit_15/_34__cf__34",
                "op": "Const"
            }
        },
        {
            "ph": "X",
            "cat": "Op",
            "name": "SparseToDense",
            "pid": 1,
            "tid": 2,
            "ts": 1538406396570266,
            "dur": 11,
            "args": {
                "name": "SparseToDense",
                "op": "SparseToDense",
                "input0": "StringSplit_12",
                "input1": "StringSplit_12:2",
                "input2": "hash_table_Lookup",
                "input3": "SparseToDense/default_value"
            }
        },
        {
            "ph": "s",
            "cat": "DataFlow",
            "name": "hash_table_Lookup",
            "pid": 1,
            "tid": 4,
            "ts": 1538406396570255,
            "id": 16
        },
        {
            "ph": "t",
            "cat": "DataFlow",
            "name": "hash_table_Lookup",
            "pid": 1,
            "tid": 2,
            "ts": 1538406396570266,
            "id": 16
        },
        {
            "ph": "s",
            "cat": "DataFlow",
            "name": "SparseToDense/default_value",
            "pid": 1,
            "tid": 0,
            "ts": 1538406396570130,
            "id": 17
        },
        {
            "ph": "t",
            "cat": "DataFlow",
            "name": "SparseToDense/default_value",
            "pid": 1,
            "tid": 2,
            "ts": 1538406396570266,
            "id": 17
        },
        {
            "ph": "X",
            "cat": "Op",
            "name": "SparseToDense",
            "pid": 1,
            "tid": 0,
            "ts": 1538406396570270,
            "dur": 8,
            "args": {
                "name": "SparseToDense_6",
                "op": "SparseToDense",
                "input0": "StringSplit_13",
                "input1": "StringSplit_13:2",
                "input2": "hash_table_Lookup_3",
                "input3": "SparseToDense/default_value"
            }
        },
        {
            "ph": "s",
            "cat": "DataFlow",
            "name": "hash_table_Lookup_3",
            "pid": 1,
            "tid": 6,
            "ts": 1538406396570268,
            "id": 18
        },
        {
            "ph": "t",
            "cat": "DataFlow",
            "name": "hash_table_Lookup_3",
            "pid": 1,
            "tid": 0,
            "ts": 1538406396570270,
            "id": 18
        },
        {
            "ph": "X",
            "cat": "Op",
            "name": "SparseToDense",
            "pid": 1,
            "tid": 3,
            "ts": 1538406396570269,
            "dur": 9,
            "args": {
                "name": "SparseToDense_30",
                "op": "SparseToDense",
                "input0": "StringSplit_13",
                "input1": "StringSplit_13:2",
                "input2": "hash_table_Lookup_15",
                "input3": "SparseToDense/default_value"
            }
        },
        {
            "ph": "s",
            "cat": "DataFlow",
            "name": "hash_table_Lookup_15",
            "pid": 1,
            "tid": 5,
            "ts": 1538406396570266,
            "id": 19
        },
        {
            "ph": "t",
            "cat": "DataFlow",
            "name": "hash_table_Lookup_15",
            "pid": 1,
            "tid": 3,
            "ts": 1538406396570269,
            "id": 19
        },
        {
            "ph": "s",
            "cat": "DataFlow",
            "name": "SparseToDense/default_value",
            "pid": 1,
            "tid": 0,
            "ts": 1538406396570130,
            "id": 20
        },
        {
            "ph": "t",
            "cat": "DataFlow",
            "name": "SparseToDense/default_value",
            "pid": 1,
            "tid": 3,
            "ts": 1538406396570269,
            "id": 20
        },
        {
            "ph": "X",
            "cat": "Op",
            "name": "_Retval",
            "pid": 1,
            "tid": 0,
            "ts": 1538406396570280,
            "dur": 1,
            "args": {
                "name": "_retval_SparseToDense_6_0_38",
                "op": "_Retval",
                "input0": "SparseToDense_6"
            }
        },
        {
            "ph": "X",
            "cat": "Op",
            "name": "_Retval",
            "pid": 1,
            "tid": 1,
            "ts": 1538406396570281,
            "dur": 1,
            "args": {
                "name": "_retval_SparseToDense_30_0_23",
                "op": "_Retval",
                "input0": "SparseToDense_30"
            }
        },
        {
            "ph": "s",
            "cat": "DataFlow",
            "name": "SparseToDense_30",
            "pid": 1,
            "tid": 3,
            "ts": 1538406396570278,
            "id": 21
        },
        {
            "ph": "t",
            "cat": "DataFlow",
            "name": "SparseToDense_30",
            "pid": 1,
            "tid": 1,
            "ts": 1538406396570281,
            "id": 21
        },
        {
            "ph": "X",
            "cat": "Op",
            "name": "_Retval",
            "pid": 1,
            "tid": 2,
            "ts": 1538406396570279,
            "dur": 2,
            "args": {
                "name": "_retval_SparseToDense_0_0",
                "op": "_Retval",
                "input0": "SparseToDense"
            }
        },
        {
            "ph": "X",
            "cat": "Op",
            "name": "Const",
            "pid": 1,
            "tid": 3,
            "ts": 1538406396570281,
            "dur": 4,
            "args": {
                "name": "StringSplit_15/_35__cf__35",
                "op": "Const"
            }
        },
        {
            "ph": "X",
            "cat": "Op",
            "name": "LookupTableFindV2",
            "pid": 1,
            "tid": 0,
            "ts": 1538406396570283,
            "dur": 5,
            "args": {
                "name": "hash_table_Lookup_1",
                "op": "LookupTableFindV2",
                "input0": "string_to_index/hash_table",
                "input1": "StringSplit_15:1",
                "input2": "string_to_index_1/hash_table/Const"
            }
        },
        {
            "ph": "s",
            "cat": "DataFlow",
            "name": "string_to_index/hash_table",
            "pid": 1,
            "tid": 1,
            "ts": 1538406396570147,
            "id": 22
        },
        {
            "ph": "t",
            "cat": "DataFlow",
            "name": "string_to_index/hash_table",
            "pid": 1,
            "tid": 0,
            "ts": 1538406396570283,
            "id": 22
        },
        {
            "ph": "X",
            "cat": "Op",
            "name": "SparseToDense",
            "pid": 1,
            "tid": 0,
            "ts": 1538406396570289,
            "dur": 5,
            "args": {
                "name": "SparseToDense_1",
                "op": "SparseToDense",
                "input0": "StringSplit_15",
                "input1": "StringSplit_15:2",
                "input2": "hash_table_Lookup_1",
                "input3": "SparseToDense/default_value"
            }
        },
        {
            "ph": "X",
            "cat": "Op",
            "name": "Const",
            "pid": 1,
            "tid": 1,
            "ts": 1538406396570293,
            "dur": 4,
            "args": {
                "name": "StringSplit_16/_36__cf__36",
                "op": "Const"
            }
        },
        {
            "ph": "X",
            "cat": "Op",
            "name": "SparseToDense",
            "pid": 1,
            "tid": 2,
            "ts": 1538406396570289,
            "dur": 8,
            "args": {
                "name": "SparseToDense_38",
                "op": "SparseToDense",
                "input0": "StringSplit_10",
                "input1": "StringSplit_10:2",
                "input2": "hash_table_Lookup_20",
                "input3": "SparseToDense/default_value"
            }
        },
        {
            "ph": "s",
            "cat": "DataFlow",
            "name": "hash_table_Lookup_20",
            "pid": 1,
            "tid": 3,
            "ts": 1538406396570244,
            "id": 23
        },
        {
            "ph": "t",
            "cat": "DataFlow",
            "name": "hash_table_Lookup_20",
            "pid": 1,
            "tid": 2,
            "ts": 1538406396570289,
            "id": 23
        },
        {
            "ph": "s",
            "cat": "DataFlow",
            "name": "SparseToDense/default_value",
            "pid": 1,
            "tid": 0,
            "ts": 1538406396570130,
            "id": 24
        },
        {
            "ph": "t",
            "cat": "DataFlow",
            "name": "SparseToDense/default_value",
            "pid": 1,
            "tid": 2,
            "ts": 1538406396570289,
            "id": 24
        },
        {
            "ph": "X",
            "cat": "Op",
            "name": "LookupTableFindV2",
            "pid": 1,
            "tid": 4,
            "ts": 1538406396570278,
            "dur": 18,
            "args": {
                "name": "hash_table_Lookup_13",
                "op": "LookupTableFindV2",
                "input0": "string_to_index_1/hash_table",
                "input1": "StringSplit_15:1",
                "input2": "string_to_index_1/hash_table/Const"
            }
        },
        {
            "ph": "s",
            "cat": "DataFlow",
            "name": "string_to_index_1/hash_table",
            "pid": 1,
            "tid": 3,
            "ts": 1538406396570158,
            "id": 25
        },
        {
            "ph": "t",
            "cat": "DataFlow",
            "name": "string_to_index_1/hash_table",
            "pid": 1,
            "tid": 4,
            "ts": 1538406396570278,
            "id": 25
        },
        {
            "ph": "s",
            "cat": "DataFlow",
            "name": "string_to_index_1/hash_table/Const",
            "pid": 1,
            "tid": 0,
            "ts": 1538406396570123,
            "id": 26
        },
        {
            "ph": "t",
            "cat": "DataFlow",
            "name": "string_to_index_1/hash_table/Const",
            "pid": 1,
            "tid": 4,
            "ts": 1538406396570278,
            "id": 26
        },
        {
            "ph": "X",
            "cat": "Op",
            "name": "_Retval",
            "pid": 1,
            "tid": 0,
            "ts": 1538406396570296,
            "dur": 1,
            "args": {
                "name": "_retval_SparseToDense_1_0_11",
                "op": "_Retval",
                "input0": "SparseToDense_1"
            }
        },
        {
            "ph": "X",
            "cat": "Op",
            "name": "_Retval",
            "pid": 1,
            "tid": 0,
            "ts": 1538406396570303,
            "dur": 1,
            "args": {
                "name": "_retval_SparseToDense_38_0_31",
                "op": "_Retval",
                "input0": "SparseToDense_38"
            }
        },
        {
            "ph": "s",
            "cat": "DataFlow",
            "name": "SparseToDense_38",
            "pid": 1,
            "tid": 2,
            "ts": 1538406396570297,
            "id": 27
        },
        {
            "ph": "t",
            "cat": "DataFlow",
            "name": "SparseToDense_38",
            "pid": 1,
            "tid": 0,
            "ts": 1538406396570303,
            "id": 27
        },
        {
            "ph": "X",
            "cat": "Op",
            "name": "SparseToDense",
            "pid": 1,
            "tid": 1,
            "ts": 1538406396570300,
            "dur": 7,
            "args": {
                "name": "SparseToDense_25",
                "op": "SparseToDense",
                "input0": "StringSplit_15",
                "input1": "StringSplit_15:2",
                "input2": "hash_table_Lookup_13",
                "input3": "SparseToDense/default_value"
            }
        },
        {
            "ph": "s",
            "cat": "DataFlow",
            "name": "hash_table_Lookup_13",
            "pid": 1,
            "tid": 4,
            "ts": 1538406396570296,
            "id": 28
        },
        {
            "ph": "t",
            "cat": "DataFlow",
            "name": "hash_table_Lookup_13",
            "pid": 1,
            "tid": 1,
            "ts": 1538406396570300,
            "id": 28
        },
        {
            "ph": "s",
            "cat": "DataFlow",
            "name": "SparseToDense/default_value",
            "pid": 1,
            "tid": 0,
            "ts": 1538406396570130,
            "id": 29
        },
        {
            "ph": "t",
            "cat": "DataFlow",
            "name": "SparseToDense/default_value",
            "pid": 1,
            "tid": 1,
            "ts": 1538406396570300,
            "id": 29
        },
        {
            "ph": "X",
            "cat": "Op",
            "name": "_Retval",
            "pid": 1,
            "tid": 0,
            "ts": 1538406396570310,
            "dur": 1,
            "args": {
                "name": "_retval_SparseToDense_25_0_17",
                "op": "_Retval",
                "input0": "SparseToDense_25"
            }
        },
        {
            "ph": "s",
            "cat": "DataFlow",
            "name": "SparseToDense_25",
            "pid": 1,
            "tid": 1,
            "ts": 1538406396570307,
            "id": 30
        },
        {
            "ph": "t",
            "cat": "DataFlow",
            "name": "SparseToDense_25",
            "pid": 1,
            "tid": 0,
            "ts": 1538406396570310,
            "id": 30
        },
        {
            "ph": "X",
            "cat": "Op",
            "name": "SparseToDense",
            "pid": 1,
            "tid": 3,
            "ts": 1538406396570297,
            "dur": 13,
            "args": {
                "name": "SparseToDense_14",
                "op": "SparseToDense",
                "input0": "StringSplit_10",
                "input1": "StringSplit_10:2",
                "input2": "hash_table_Lookup_8",
                "input3": "SparseToDense/default_value"
            }
        },
        {
            "ph": "s",
            "cat": "DataFlow",
            "name": "hash_table_Lookup_8",
            "pid": 1,
            "tid": 1,
            "ts": 1538406396570234,
            "id": 31
        },
        {
            "ph": "t",
            "cat": "DataFlow",
            "name": "hash_table_Lookup_8",
            "pid": 1,
            "tid": 3,
            "ts": 1538406396570297,
            "id": 31
        },
        {
            "ph": "s",
            "cat": "DataFlow",
            "name": "SparseToDense/default_value",
            "pid": 1,
            "tid": 0,
            "ts": 1538406396570130,
            "id": 32
        },
        {
            "ph": "t",
            "cat": "DataFlow",
            "name": "SparseToDense/default_value",
            "pid": 1,
            "tid": 3,
            "ts": 1538406396570297,
            "id": 32
        },
        {
            "ph": "X",
            "cat": "Op",
            "name": "LookupTableFindV2",
            "pid": 1,
            "tid": 2,
            "ts": 1538406396570301,
            "dur": 11,
            "args": {
                "name": "hash_table_Lookup_16",
                "op": "LookupTableFindV2",
                "input0": "string_to_index_1/hash_table",
                "input1": "StringSplit_16:1",
                "input2": "string_to_index_1/hash_table/Const"
            }
        },
        {
            "ph": "s",
            "cat": "DataFlow",
            "name": "string_to_index_1/hash_table",
            "pid": 1,
            "tid": 3,
            "ts": 1538406396570158,
            "id": 33
        },
        {
            "ph": "t",
            "cat": "DataFlow",
            "name": "string_to_index_1/hash_table",
            "pid": 1,
            "tid": 2,
            "ts": 1538406396570301,
            "id": 33
        },
        {
            "ph": "s",
            "cat": "DataFlow",
            "name": "string_to_index_1/hash_table/Const",
            "pid": 1,
            "tid": 0,
            "ts": 1538406396570123,
            "id": 34
        },
        {
            "ph": "t",
            "cat": "DataFlow",
            "name": "string_to_index_1/hash_table/Const",
            "pid": 1,
            "tid": 2,
            "ts": 1538406396570301,
            "id": 34
        },
        {
            "ph": "X",
            "cat": "Op",
            "name": "LookupTableFindV2",
            "pid": 1,
            "tid": 4,
            "ts": 1538406396570306,
            "dur": 8,
            "args": {
                "name": "hash_table_Lookup_4",
                "op": "LookupTableFindV2",
                "input0": "string_to_index/hash_table",
                "input1": "StringSplit_16:1",
                "input2": "string_to_index_1/hash_table/Const"
            }
        },
        {
            "ph": "s",
            "cat": "DataFlow",
            "name": "string_to_index/hash_table",
            "pid": 1,
            "tid": 1,
            "ts": 1538406396570147,
            "id": 35
        },
        {
            "ph": "t",
            "cat": "DataFlow",
            "name": "string_to_index/hash_table",
            "pid": 1,
            "tid": 4,
            "ts": 1538406396570306,
            "id": 35
        },
        {
            "ph": "s",
            "cat": "DataFlow",
            "name": "string_to_index_1/hash_table/Const",
            "pid": 1,
            "tid": 0,
            "ts": 1538406396570123,
            "id": 36
        },
        {
            "ph": "t",
            "cat": "DataFlow",
            "name": "string_to_index_1/hash_table/Const",
            "pid": 1,
            "tid": 4,
            "ts": 1538406396570306,
            "id": 36
        },
        {
            "ph": "X",
            "cat": "Op",
            "name": "_Retval",
            "pid": 1,
            "tid": 0,
            "ts": 1538406396570313,
            "dur": 1,
            "args": {
                "name": "_retval_SparseToDense_14_0_5",
                "op": "_Retval",
                "input0": "SparseToDense_14"
            }
        },
        {
            "ph": "s",
            "cat": "DataFlow",
            "name": "SparseToDense_14",
            "pid": 1,
            "tid": 3,
            "ts": 1538406396570310,
            "id": 37
        },
        {
            "ph": "t",
            "cat": "DataFlow",
            "name": "SparseToDense_14",
            "pid": 1,
            "tid": 0,
            "ts": 1538406396570313,
            "id": 37
        },
        {
            "ph": "X",
            "cat": "Op",
            "name": "SparseToDense",
            "pid": 1,
            "tid": 0,
            "ts": 1538406396570316,
            "dur": 5,
            "args": {
                "name": "SparseToDense_7",
                "op": "SparseToDense",
                "input0": "StringSplit_16",
                "input1": "StringSplit_16:2",
                "input2": "hash_table_Lookup_4",
                "input3": "SparseToDense/default_value"
            }
        },
        {
            "ph": "s",
            "cat": "DataFlow",
            "name": "hash_table_Lookup_4",
            "pid": 1,
            "tid": 4,
            "ts": 1538406396570314,
            "id": 38
        },
        {
            "ph": "t",
            "cat": "DataFlow",
            "name": "hash_table_Lookup_4",
            "pid": 1,
            "tid": 0,
            "ts": 1538406396570316,
            "id": 38
        },
        {
            "ph": "X",
            "cat": "Op",
            "name": "_Retval",
            "pid": 1,
            "tid": 0,
            "ts": 1538406396570322,
            "dur": 1,
            "args": {
                "name": "_retval_SparseToDense_7_0_39",
                "op": "_Retval",
                "input0": "SparseToDense_7"
            }
        },
        {
            "ph": "X",
            "cat": "Op",
            "name": "SparseToDense",
            "pid": 1,
            "tid": 1,
            "ts": 1538406396570315,
            "dur": 9,
            "args": {
                "name": "SparseToDense_31",
                "op": "SparseToDense",
                "input0": "StringSplit_16",
                "input1": "StringSplit_16:2",
                "input2": "hash_table_Lookup_16",
                "input3": "SparseToDense/default_value"
            }
        },
        {
            "ph": "s",
            "cat": "DataFlow",
            "name": "hash_table_Lookup_16",
            "pid": 1,
            "tid": 2,
            "ts": 1538406396570312,
            "id": 39
        },
        {
            "ph": "t",
            "cat": "DataFlow",
            "name": "hash_table_Lookup_16",
            "pid": 1,
            "tid": 1,
            "ts": 1538406396570315,
            "id": 39
        },
        {
            "ph": "s",
            "cat": "DataFlow",
            "name": "SparseToDense/default_value",
            "pid": 1,
            "tid": 0,
            "ts": 1538406396570130,
            "id": 40
        },
        {
            "ph": "t",
            "cat": "DataFlow",
            "name": "SparseToDense/default_value",
            "pid": 1,
            "tid": 1,
            "ts": 1538406396570315,
            "id": 40
        },
        {
            "ph": "X",
            "cat": "Op",
            "name": "_Retval",
            "pid": 1,
            "tid": 0,
            "ts": 1538406396570326,
            "dur": 2,
            "args": {
                "name": "_retval_SparseToDense_31_0_24",
                "op": "_Retval",
                "input0": "SparseToDense_31"
            }
        },
        {
            "ph": "s",
            "cat": "DataFlow",
            "name": "SparseToDense_31",
            "pid": 1,
            "tid": 1,
            "ts": 1538406396570324,
            "id": 41
        },
        {
            "ph": "t",
            "cat": "DataFlow",
            "name": "SparseToDense_31",
            "pid": 1,
            "tid": 0,
            "ts": 1538406396570326,
            "id": 41
        },
        {
            "ph": "X",
            "cat": "Op",
            "name": "Const",
            "pid": 1,
            "tid": 3,
            "ts": 1538406396570311,
            "dur": 9,
            "args": {
                "name": "StringSplit_18/_41__cf__41",
                "op": "Const"
            }
        },
        {
            "ph": "X",
            "cat": "Op",
            "name": "LookupTableFindV2",
            "pid": 1,
            "tid": 0,
            "ts": 1538406396570336,
            "dur": 7,
            "args": {
                "name": "hash_table_Lookup_2",
                "op": "LookupTableFindV2",
                "input0": "string_to_index/hash_table",
                "input1": "StringSplit_18:1",
                "input2": "string_to_index_1/hash_table/Const"
            }
        },
        {
            "ph": "s",
            "cat": "DataFlow",
            "name": "string_to_index/hash_table",
            "pid": 1,
            "tid": 1,
            "ts": 1538406396570147,
            "id": 42
        },
        {
            "ph": "t",
            "cat": "DataFlow",
            "name": "string_to_index/hash_table",
            "pid": 1,
            "tid": 0,
            "ts": 1538406396570336,
            "id": 42
        },
        {
            "ph": "X",
            "cat": "Op",
            "name": "Const",
            "pid": 1,
            "tid": 1,
            "ts": 1538406396570340,
            "dur": 4,
            "args": {
                "name": "StringSplit_19/_42__cf__42",
                "op": "Const"
            }
        },
        {
            "ph": "X",
            "cat": "Op",
            "name": "Const",
            "pid": 1,
            "tid": 0,
            "ts": 1538406396570346,
            "dur": 2,
            "args": {
                "name": "StringSplit_19/_43__cf__43",
                "op": "Const"
            }
        },
        {
            "ph": "X",
            "cat": "Op",
            "name": "SparseToDense",
            "pid": 1,
            "tid": 1,
            "ts": 1538406396570345,
            "dur": 5,
            "args": {
                "name": "SparseToDense_2",
                "op": "SparseToDense",
                "input0": "StringSplit_18",
                "input1": "StringSplit_18:2",
                "input2": "hash_table_Lookup_2",
                "input3": "SparseToDense/default_value"
            }
        },
        {
            "ph": "s",
            "cat": "DataFlow",
            "name": "hash_table_Lookup_2",
            "pid": 1,
            "tid": 0,
            "ts": 1538406396570343,
            "id": 43
        },
        {
            "ph": "t",
            "cat": "DataFlow",
            "name": "hash_table_Lookup_2",
            "pid": 1,
            "tid": 1,
            "ts": 1538406396570345,
            "id": 43
        },
        {
            "ph": "s",
            "cat": "DataFlow",
            "name": "SparseToDense/default_value",
            "pid": 1,
            "tid": 0,
            "ts": 1538406396570130,
            "id": 44
        },
        {
            "ph": "t",
            "cat": "DataFlow",
            "name": "SparseToDense/default_value",
            "pid": 1,
            "tid": 1,
            "ts": 1538406396570345,
            "id": 44
        },
        {
            "ph": "X",
            "cat": "Op",
            "name": "_Retval",
            "pid": 1,
            "tid": 0,
            "ts": 1538406396570352,
            "dur": 1,
            "args": {
                "name": "_retval_SparseToDense_2_0_22",
                "op": "_Retval",
                "input0": "SparseToDense_2"
            }
        },
        {
            "ph": "s",
            "cat": "DataFlow",
            "name": "SparseToDense_2",
            "pid": 1,
            "tid": 1,
            "ts": 1538406396570350,
            "id": 45
        },
        {
            "ph": "t",
            "cat": "DataFlow",
            "name": "SparseToDense_2",
            "pid": 1,
            "tid": 0,
            "ts": 1538406396570352,
            "id": 45
        },
        {
            "ph": "X",
            "cat": "Op",
            "name": "LookupTableFindV2",
            "pid": 1,
            "tid": 2,
            "ts": 1538406396570345,
            "dur": 8,
            "args": {
                "name": "hash_table_Lookup_14",
                "op": "LookupTableFindV2",
                "input0": "string_to_index_1/hash_table",
                "input1": "StringSplit_18:1",
                "input2": "string_to_index_1/hash_table/Const"
            }
        },
        {
            "ph": "s",
            "cat": "DataFlow",
            "name": "string_to_index_1/hash_table",
            "pid": 1,
            "tid": 3,
            "ts": 1538406396570158,
            "id": 46
        },
        {
            "ph": "t",
            "cat": "DataFlow",
            "name": "string_to_index_1/hash_table",
            "pid": 1,
            "tid": 2,
            "ts": 1538406396570345,
            "id": 46
        },
        {
            "ph": "s",
            "cat": "DataFlow",
            "name": "string_to_index_1/hash_table/Const",
            "pid": 1,
            "tid": 0,
            "ts": 1538406396570123,
            "id": 47
        },
        {
            "ph": "t",
            "cat": "DataFlow",
            "name": "string_to_index_1/hash_table/Const",
            "pid": 1,
            "tid": 2,
            "ts": 1538406396570345,
            "id": 47
        },
        {
            "ph": "X",
            "cat": "Op",
            "name": "Const",
            "pid": 1,
            "tid": 0,
            "ts": 1538406396570355,
            "dur": 5,
            "args": {
                "name": "StringSplit_19/_44__cf__44",
                "op": "Const"
            }
        },
        {
            "ph": "X",
            "cat": "Op",
            "name": "SparseToDense",
            "pid": 1,
            "tid": 1,
            "ts": 1538406396570355,
            "dur": 5,
            "args": {
                "name": "SparseToDense_26",
                "op": "SparseToDense",
                "input0": "StringSplit_18",
                "input1": "StringSplit_18:2",
                "input2": "hash_table_Lookup_14",
                "input3": "SparseToDense/default_value"
            }
        },
        {
            "ph": "s",
            "cat": "DataFlow",
            "name": "hash_table_Lookup_14",
            "pid": 1,
            "tid": 2,
            "ts": 1538406396570353,
            "id": 48
        },
        {
            "ph": "t",
            "cat": "DataFlow",
            "name": "hash_table_Lookup_14",
            "pid": 1,
            "tid": 1,
            "ts": 1538406396570355,
            "id": 48
        },
        {
            "ph": "s",
            "cat": "DataFlow",
            "name": "SparseToDense/default_value",
            "pid": 1,
            "tid": 0,
            "ts": 1538406396570130,
            "id": 49
        },
        {
            "ph": "t",
            "cat": "DataFlow",
            "name": "SparseToDense/default_value",
            "pid": 1,
            "tid": 1,
            "ts": 1538406396570355,
            "id": 49
        },
        {
            "ph": "X",
            "cat": "Op",
            "name": "_Retval",
            "pid": 1,
            "tid": 0,
            "ts": 1538406396570362,
            "dur": 1,
            "args": {
                "name": "_retval_SparseToDense_26_0_18",
                "op": "_Retval",
                "input0": "SparseToDense_26"
            }
        },
        {
            "ph": "s",
            "cat": "DataFlow",
            "name": "SparseToDense_26",
            "pid": 1,
            "tid": 1,
            "ts": 1538406396570360,
            "id": 50
        },
        {
            "ph": "t",
            "cat": "DataFlow",
            "name": "SparseToDense_26",
            "pid": 1,
            "tid": 0,
            "ts": 1538406396570362,
            "id": 50
        },
        {
            "ph": "X",
            "cat": "Op",
            "name": "LookupTableFindV2",
            "pid": 1,
            "tid": 2,
            "ts": 1538406396570355,
            "dur": 7,
            "args": {
                "name": "hash_table_Lookup_5",
                "op": "LookupTableFindV2",
                "input0": "string_to_index/hash_table",
                "input1": "StringSplit_19:1",
                "input2": "string_to_index_1/hash_table/Const"
            }
        },
        {
            "ph": "s",
            "cat": "DataFlow",
            "name": "string_to_index/hash_table",
            "pid": 1,
            "tid": 1,
            "ts": 1538406396570147,
            "id": 51
        },
        {
            "ph": "t",
            "cat": "DataFlow",
            "name": "string_to_index/hash_table",
            "pid": 1,
            "tid": 2,
            "ts": 1538406396570355,
            "id": 51
        },
        {
            "ph": "s",
            "cat": "DataFlow",
            "name": "string_to_index_1/hash_table/Const",
            "pid": 1,
            "tid": 0,
            "ts": 1538406396570123,
            "id": 52
        },
        {
            "ph": "t",
            "cat": "DataFlow",
            "name": "string_to_index_1/hash_table/Const",
            "pid": 1,
            "tid": 2,
            "ts": 1538406396570355,
            "id": 52
        },
        {
            "ph": "X",
            "cat": "Op",
            "name": "Const",
            "pid": 1,
            "tid": 1,
            "ts": 1538406396570361,
            "dur": 4,
            "args": {
                "name": "StringSplit_2/_45__cf__45",
                "op": "Const"
            }
        },
        {
            "ph": "X",
            "cat": "Op",
            "name": "LookupTableFindV2",
            "pid": 1,
            "tid": 3,
            "ts": 1538406396570356,
            "dur": 10,
            "args": {
                "name": "hash_table_Lookup_17",
                "op": "LookupTableFindV2",
                "input0": "string_to_index_1/hash_table",
                "input1": "StringSplit_19:1",
                "input2": "string_to_index_1/hash_table/Const"
            }
        },
        {
            "ph": "s",
            "cat": "DataFlow",
            "name": "string_to_index_1/hash_table/Const",
            "pid": 1,
            "tid": 0,
            "ts": 1538406396570123,
            "id": 53
        },
        {
            "ph": "t",
            "cat": "DataFlow",
            "name": "string_to_index_1/hash_table/Const",
            "pid": 1,
            "tid": 3,
            "ts": 1538406396570356,
            "id": 53
        },
        {
            "ph": "X",
            "cat": "Op",
            "name": "SparseToDense",
            "pid": 1,
            "tid": 0,
            "ts": 1538406396570364,
            "dur": 8,
            "args": {
                "name": "SparseToDense_8",
                "op": "SparseToDense",
                "input0": "StringSplit_19",
                "input1": "StringSplit_19:2",
                "input2": "hash_table_Lookup_5",
                "input3": "SparseToDense/default_value"
            }
        },
        {
            "ph": "s",
            "cat": "DataFlow",
            "name": "hash_table_Lookup_5",
            "pid": 1,
            "tid": 2,
            "ts": 1538406396570362,
            "id": 54
        },
        {
            "ph": "t",
            "cat": "DataFlow",
            "name": "hash_table_Lookup_5",
            "pid": 1,
            "tid": 0,
            "ts": 1538406396570364,
            "id": 54
        },
        {
            "ph": "X",
            "cat": "Op",
            "name": "_Retval",
            "pid": 1,
            "tid": 0,
            "ts": 1538406396570374,
            "dur": 1,
            "args": {
                "name": "_retval_SparseToDense_8_0_40",
                "op": "_Retval",
                "input0": "SparseToDense_8"
            }
        },
        {
            "ph": "X",
            "cat": "Op",
            "name": "LookupTableFindV2",
            "pid": 1,
            "tid": 1,
            "ts": 1538406396570369,
            "dur": 8,
            "args": {
                "name": "hash_table_Lookup_6",
                "op": "LookupTableFindV2",
                "input0": "string_to_index/hash_table",
                "input1": "StringSplit_2:1",
                "input2": "string_to_index_1/hash_table/Const"
            }
        },
        {
            "ph": "s",
            "cat": "DataFlow",
            "name": "string_to_index_1/hash_table/Const",
            "pid": 1,
            "tid": 0,
            "ts": 1538406396570123,
            "id": 55
        },
        {
            "ph": "t",
            "cat": "DataFlow",
            "name": "string_to_index_1/hash_table/Const",
            "pid": 1,
            "tid": 1,
            "ts": 1538406396570369,
            "id": 55
        },
        {
            "ph": "X",
            "cat": "Op",
            "name": "Const",
            "pid": 1,
            "tid": 2,
            "ts": 1538406396570373,
            "dur": 9,
            "args": {
                "name": "StringSplit_3/_48__cf__48",
                "op": "Const"
            }
        },
        {
            "ph": "X",
            "cat": "Op",
            "name": "LookupTableFindV2",
            "pid": 1,
            "tid": 3,
            "ts": 1538406396570373,
            "dur": 8,
            "args": {
                "name": "hash_table_Lookup_18",
                "op": "LookupTableFindV2",
                "input0": "string_to_index_1/hash_table",
                "input1": "StringSplit_2:1",
                "input2": "string_to_index_1/hash_table/Const"
            }
        },
        {
            "ph": "s",
            "cat": "DataFlow",
            "name": "string_to_index_1/hash_table/Const",
            "pid": 1,
            "tid": 0,
            "ts": 1538406396570123,
            "id": 56
        },
        {
            "ph": "t",
            "cat": "DataFlow",
            "name": "string_to_index_1/hash_table/Const",
            "pid": 1,
            "tid": 3,
            "ts": 1538406396570373,
            "id": 56
        },
        {
            "ph": "X",
            "cat": "Op",
            "name": "Const",
            "pid": 1,
            "tid": 0,
            "ts": 1538406396570383,
            "dur": 7,
            "args": {
                "name": "StringSplit_3/_49__cf__49",
                "op": "Const"
            }
        },
        {
            "ph": "X",
            "cat": "Op",
            "name": "SparseToDense",
            "pid": 1,
            "tid": 4,
            "ts": 1538406396570368,
            "dur": 21,
            "args": {
                "name": "SparseToDense_32",
                "op": "SparseToDense",
                "input0": "StringSplit_19",
                "input1": "StringSplit_19:2",
                "input2": "hash_table_Lookup_17",
                "input3": "SparseToDense/default_value"
            }
        },
        {
            "ph": "s",
            "cat": "DataFlow",
            "name": "hash_table_Lookup_17",
            "pid": 1,
            "tid": 3,
            "ts": 1538406396570366,
            "id": 57
        },
        {
            "ph": "t",
            "cat": "DataFlow",
            "name": "hash_table_Lookup_17",
            "pid": 1,
            "tid": 4,
            "ts": 1538406396570368,
            "id": 57
        },
        {
            "ph": "s",
            "cat": "DataFlow",
            "name": "SparseToDense/default_value",
            "pid": 1,
            "tid": 0,
            "ts": 1538406396570130,
            "id": 58
        },
        {
            "ph": "t",
            "cat": "DataFlow",
            "name": "SparseToDense/default_value",
            "pid": 1,
            "tid": 4,
            "ts": 1538406396570368,
            "id": 58
        },
        {
            "ph": "X",
            "cat": "Op",
            "name": "Const",
            "pid": 1,
            "tid": 0,
            "ts": 1538406396570391,
            "dur": 3,
            "args": {
                "name": "StringSplit_3/_50__cf__50",
                "op": "Const"
            }
        },
        {
            "ph": "X",
            "cat": "Op",
            "name": "_Retval",
            "pid": 1,
            "tid": 1,
            "ts": 1538406396570393,
            "dur": 2,
            "args": {
                "name": "_retval_SparseToDense_32_0_25",
                "op": "_Retval",
                "input0": "SparseToDense_32"
            }
        },
        {
            "ph": "s",
            "cat": "DataFlow",
            "name": "SparseToDense_32",
            "pid": 1,
            "tid": 4,
            "ts": 1538406396570389,
            "id": 59
        },
        {
            "ph": "t",
            "cat": "DataFlow",
            "name": "SparseToDense_32",
            "pid": 1,
            "tid": 1,
            "ts": 1538406396570393,
            "id": 59
        },
        {
            "ph": "X",
            "cat": "Op",
            "name": "Const",
            "pid": 1,
            "tid": 0,
            "ts": 1538406396570397,
            "dur": 3,
            "args": {
                "name": "StringSplit_6/_51__cf__51",
                "op": "Const"
            }
        },
        {
            "ph": "X",
            "cat": "Op",
            "name": "LookupTableFindV2",
            "pid": 1,
            "tid": 1,
            "ts": 1538406396570396,
            "dur": 7,
            "args": {
                "name": "hash_table_Lookup_9",
                "op": "LookupTableFindV2",
                "input0": "string_to_index/hash_table",
                "input1": "StringSplit_3:1",
                "input2": "string_to_index_1/hash_table/Const"
            }
        },
        {
            "ph": "s",
            "cat": "DataFlow",
            "name": "string_to_index_1/hash_table/Const",
            "pid": 1,
            "tid": 0,
            "ts": 1538406396570123,
            "id": 60
        },
        {
            "ph": "t",
            "cat": "DataFlow",
            "name": "string_to_index_1/hash_table/Const",
            "pid": 1,
            "tid": 1,
            "ts": 1538406396570396,
            "id": 60
        },
        {
            "ph": "X",
            "cat": "Op",
            "name": "Const",
            "pid": 1,
            "tid": 0,
            "ts": 1538406396570406,
            "dur": 4,
            "args": {
                "name": "StringSplit_6/_52__cf__52",
                "op": "Const"
            }
        },
        {
            "ph": "X",
            "cat": "Op",
            "name": "LookupTableFindV2",
            "pid": 1,
            "tid": 2,
            "ts": 1538406396570402,
            "dur": 9,
            "args": {
                "name": "hash_table_Lookup_7",
                "op": "LookupTableFindV2",
                "input0": "string_to_index/hash_table",
                "input1": "StringSplit_6:1",
                "input2": "string_to_index_1/hash_table/Const"
            }
        },
        {
            "ph": "s",
            "cat": "DataFlow",
            "name": "string_to_index/hash_table",
            "pid": 1,
            "tid": 1,
            "ts": 1538406396570147,
            "id": 61
        },
        {
            "ph": "t",
            "cat": "DataFlow",
            "name": "string_to_index/hash_table",
            "pid": 1,
            "tid": 2,
            "ts": 1538406396570402,
            "id": 61
        },
        {
            "ph": "s",
            "cat": "DataFlow",
            "name": "string_to_index_1/hash_table/Const",
            "pid": 1,
            "tid": 0,
            "ts": 1538406396570123,
            "id": 62
        },
        {
            "ph": "t",
            "cat": "DataFlow",
            "name": "string_to_index_1/hash_table/Const",
            "pid": 1,
            "tid": 2,
            "ts": 1538406396570402,
            "id": 62
        },
        {
            "ph": "X",
            "cat": "Op",
            "name": "SparseToDense",
            "pid": 1,
            "tid": 1,
            "ts": 1538406396570405,
            "dur": 8,
            "args": {
                "name": "SparseToDense_18",
                "op": "SparseToDense",
                "input0": "StringSplit_3",
                "input1": "StringSplit_3:2",
                "input2": "hash_table_Lookup_9",
                "input3": "SparseToDense/default_value"
            }
        },
        {
            "ph": "s",
            "cat": "DataFlow",
            "name": "SparseToDense/default_value",
            "pid": 1,
            "tid": 0,
            "ts": 1538406396570130,
            "id": 63
        },
        {
            "ph": "t",
            "cat": "DataFlow",
            "name": "SparseToDense/default_value",
            "pid": 1,
            "tid": 1,
            "ts": 1538406396570405,
            "id": 63
        },
        {
            "ph": "X",
            "cat": "Op",
            "name": "_Retval",
            "pid": 1,
            "tid": 0,
            "ts": 1538406396570416,
            "dur": 1,
            "args": {
                "name": "_retval_SparseToDense_18_0_9",
                "op": "_Retval",
                "input0": "SparseToDense_18"
            }
        },
        {
            "ph": "s",
            "cat": "DataFlow",
            "name": "SparseToDense_18",
            "pid": 1,
            "tid": 1,
            "ts": 1538406396570413,
            "id": 64
        },
        {
            "ph": "t",
            "cat": "DataFlow",
            "name": "SparseToDense_18",
            "pid": 1,
            "tid": 0,
            "ts": 1538406396570416,
            "id": 64
        },
        {
            "ph": "X",
            "cat": "Op",
            "name": "Const",
            "pid": 1,
            "tid": 2,
            "ts": 1538406396570412,
            "dur": 6,
            "args": {
                "name": "StringSplit_6/_53__cf__53",
                "op": "Const"
            }
        },
        {
            "ph": "X",
            "cat": "Op",
            "name": "LookupTableFindV2",
            "pid": 1,
            "tid": 3,
            "ts": 1538406396570409,
            "dur": 9,
            "args": {
                "name": "hash_table_Lookup_19",
                "op": "LookupTableFindV2",
                "input0": "string_to_index_1/hash_table",
                "input1": "StringSplit_6:1",
                "input2": "string_to_index_1/hash_table/Const"
            }
        },
        {
            "ph": "s",
            "cat": "DataFlow",
            "name": "string_to_index_1/hash_table/Const",
            "pid": 1,
            "tid": 0,
            "ts": 1538406396570123,
            "id": 65
        },
        {
            "ph": "t",
            "cat": "DataFlow",
            "name": "string_to_index_1/hash_table/Const",
            "pid": 1,
            "tid": 3,
            "ts": 1538406396570409,
            "id": 65
        },
        {
            "ph": "X",
            "cat": "Op",
            "name": "SparseToDense",
            "pid": 1,
            "tid": 0,
            "ts": 1538406396570421,
            "dur": 7,
            "args": {
                "name": "SparseToDense_37",
                "op": "SparseToDense",
                "input0": "StringSplit_6",
                "input1": "StringSplit_6:2",
                "input2": "hash_table_Lookup_19",
                "input3": "SparseToDense/default_value"
            }
        },
        {
            "ph": "s",
            "cat": "DataFlow",
            "name": "hash_table_Lookup_19",
            "pid": 1,
            "tid": 3,
            "ts": 1538406396570418,
            "id": 66
        },
        {
            "ph": "t",
            "cat": "DataFlow",
            "name": "hash_table_Lookup_19",
            "pid": 1,
            "tid": 0,
            "ts": 1538406396570421,
            "id": 66
        },
        {
            "ph": "X",
            "cat": "Op",
            "name": "SparseToDense",
            "pid": 1,
            "tid": 1,
            "ts": 1538406396570420,
            "dur": 8,
            "args": {
                "name": "SparseToDense_12",
                "op": "SparseToDense",
                "input0": "StringSplit_2",
                "input1": "StringSplit_2:2",
                "input2": "hash_table_Lookup_6",
                "input3": "SparseToDense/default_value"
            }
        },
        {
            "ph": "s",
            "cat": "DataFlow",
            "name": "SparseToDense/default_value",
            "pid": 1,
            "tid": 0,
            "ts": 1538406396570130,
            "id": 67
        },
        {
            "ph": "t",
            "cat": "DataFlow",
            "name": "SparseToDense/default_value",
            "pid": 1,
            "tid": 1,
            "ts": 1538406396570420,
            "id": 67
        },
        {
            "ph": "X",
            "cat": "Op",
            "name": "Const",
            "pid": 1,
            "tid": 2,
            "ts": 1538406396570426,
            "dur": 4,
            "args": {
                "name": "StringSplit_7/_54__cf__54",
                "op": "Const"
            }
        },
        {
            "ph": "X",
            "cat": "Op",
            "name": "_Retval",
            "pid": 1,
            "tid": 0,
            "ts": 1538406396570430,
            "dur": 1,
            "args": {
                "name": "_retval_SparseToDense_37_0_30",
                "op": "_Retval",
                "input0": "SparseToDense_37"
            }
        },
        {
            "ph": "X",
            "cat": "Op",
            "name": "_Retval",
            "pid": 1,
            "tid": 1,
            "ts": 1538406396570431,
            "dur": 0,
            "args": {
                "name": "_retval_SparseToDense_12_0_3",
                "op": "_Retval",
                "input0": "SparseToDense_12"
            }
        },
        {
            "ph": "X",
            "cat": "Op",
            "name": "_Retval",
            "pid": 1,
            "tid": 0,
            "ts": 1538406396570435,
            "dur": 1,
            "args": {
                "name": "_retval_SparseToDense_10_0_1",
                "op": "_Retval",
                "input0": "SparseToDense_10"
            }
        },
        {
            "ph": "X",
            "cat": "Op",
            "name": "_Retval",
            "pid": 1,
            "tid": 0,
            "ts": 1538406396570438,
            "dur": 1,
            "args": {
                "name": "_retval_SparseToDense_34_0_27",
                "op": "_Retval",
                "input0": "SparseToDense_34"
            }
        },
        {
            "ph": "X",
            "cat": "Op",
            "name": "SparseToDense",
            "pid": 1,
            "tid": 3,
            "ts": 1538406396570421,
            "dur": 25,
            "args": {
                "name": "SparseToDense_13",
                "op": "SparseToDense",
                "input0": "StringSplit_6",
                "input1": "StringSplit_6:2",
                "input2": "hash_table_Lookup_7",
                "input3": "SparseToDense/default_value"
            }
        },
        {
            "ph": "s",
            "cat": "DataFlow",
            "name": "hash_table_Lookup_7",
            "pid": 1,
            "tid": 2,
            "ts": 1538406396570411,
            "id": 68
        },
        {
            "ph": "t",
            "cat": "DataFlow",
            "name": "hash_table_Lookup_7",
            "pid": 1,
            "tid": 3,
            "ts": 1538406396570421,
            "id": 68
        },
        {
            "ph": "s",
            "cat": "DataFlow",
            "name": "SparseToDense/default_value",
            "pid": 1,
            "tid": 0,
            "ts": 1538406396570130,
            "id": 69
        },
        {
            "ph": "t",
            "cat": "DataFlow",
            "name": "SparseToDense/default_value",
            "pid": 1,
            "tid": 3,
            "ts": 1538406396570421,
            "id": 69
        },
        {
            "ph": "X",
            "cat": "Op",
            "name": "_Retval",
            "pid": 1,
            "tid": 0,
            "ts": 1538406396570449,
            "dur": 1,
            "args": {
                "name": "_retval_SparseToDense_13_0_4",
                "op": "_Retval",
                "input0": "SparseToDense_13"
            }
        },
        {
            "ph": "s",
            "cat": "DataFlow",
            "name": "SparseToDense_13",
            "pid": 1,
            "tid": 3,
            "ts": 1538406396570446,
            "id": 70
        },
        {
            "ph": "t",
            "cat": "DataFlow",
            "name": "SparseToDense_13",
            "pid": 1,
            "tid": 0,
            "ts": 1538406396570449,
            "id": 70
        },
        {
            "ph": "X",
            "cat": "Op",
            "name": "_Retval",
            "pid": 1,
            "tid": 1,
            "ts": 1538406396570440,
            "dur": 13,
            "args": {
                "name": "_retval_SparseToDense_11_0_2",
                "op": "_Retval",
                "input0": "SparseToDense_11"
            }
        },
        {
            "ph": "X",
            "cat": "Op",
            "name": "_Retval",
            "pid": 1,
            "tid": 0,
            "ts": 1538406396570456,
            "dur": 1,
            "args": {
                "name": "_retval_SparseToDense_35_0_28",
                "op": "_Retval",
                "input0": "SparseToDense_35"
            }
        },
        {
            "ph": "X",
            "cat": "Op",
            "name": "_Retval",
            "pid": 1,
            "tid": 1,
            "ts": 1538406396570457,
            "dur": 1,
            "args": {
                "name": "_retval_SparseToDense_15_0_6",
                "op": "_Retval",
                "input0": "SparseToDense_15"
            }
        },
        {
            "ph": "X",
            "cat": "Op",
            "name": "_Retval",
            "pid": 1,
            "tid": 0,
            "ts": 1538406396570459,
            "dur": 0,
            "args": {
                "name": "_retval_SparseToDense_39_0_32",
                "op": "_Retval",
                "input0": "SparseToDense_39"
            }
        },
        {
            "ph": "X",
            "cat": "Op",
            "name": "_Retval",
            "pid": 1,
            "tid": 0,
            "ts": 1538406396570460,
            "dur": 1,
            "args": {
                "name": "_retval_SparseToDense_16_0_7",
                "op": "_Retval",
                "input0": "SparseToDense_16"
            }
        },
        {
            "ph": "X",
            "cat": "Op",
            "name": "_Retval",
            "pid": 1,
            "tid": 0,
            "ts": 1538406396570462,
            "dur": 0,
            "args": {
                "name": "_retval_SparseToDense_40_0_34",
                "op": "_Retval",
                "input0": "SparseToDense_40"
            }
        },
        {
            "ph": "X",
            "cat": "Op",
            "name": "SparseToDense",
            "pid": 1,
            "tid": 4,
            "ts": 1538406396570427,
            "dur": 35,
            "args": {
                "name": "SparseToDense_36",
                "op": "SparseToDense",
                "input0": "StringSplit_2",
                "input1": "StringSplit_2:2",
                "input2": "hash_table_Lookup_18",
                "input3": "SparseToDense/default_value"
            }
        },
        {
            "ph": "s",
            "cat": "DataFlow",
            "name": "hash_table_Lookup_18",
            "pid": 1,
            "tid": 3,
            "ts": 1538406396570381,
            "id": 71
        },
        {
            "ph": "t",
            "cat": "DataFlow",
            "name": "hash_table_Lookup_18",
            "pid": 1,
            "tid": 4,
            "ts": 1538406396570427,
            "id": 71
        },
        {
            "ph": "s",
            "cat": "DataFlow",
            "name": "SparseToDense/default_value",
            "pid": 1,
            "tid": 0,
            "ts": 1538406396570130,
            "id": 72
        },
        {
            "ph": "t",
            "cat": "DataFlow",
            "name": "SparseToDense/default_value",
            "pid": 1,
            "tid": 4,
            "ts": 1538406396570427,
            "id": 72
        },
        {
            "ph": "X",
            "cat": "Op",
            "name": "_Retval",
            "pid": 1,
            "tid": 0,
            "ts": 1538406396570463,
            "dur": 1,
            "args": {
                "name": "_retval_SparseToDense_17_0_8",
                "op": "_Retval",
                "input0": "SparseToDense_17"
            }
        },
        {
            "ph": "X",
            "cat": "Op",
            "name": "_Retval",
            "pid": 1,
            "tid": 0,
            "ts": 1538406396570465,
            "dur": 0,
            "args": {
                "name": "_retval_SparseToDense_41_0_35",
                "op": "_Retval",
                "input0": "SparseToDense_41"
            }
        },
        {
            "ph": "X",
            "cat": "Op",
            "name": "_Retval",
            "pid": 1,
            "tid": 1,
            "ts": 1538406396570465,
            "dur": 0,
            "args": {
                "name": "_retval_SparseToDense_36_0_29",
                "op": "_Retval",
                "input0": "SparseToDense_36"
            }
        },
        {
            "ph": "s",
            "cat": "DataFlow",
            "name": "SparseToDense_36",
            "pid": 1,
            "tid": 4,
            "ts": 1538406396570462,
            "id": 73
        },
        {
            "ph": "t",
            "cat": "DataFlow",
            "name": "SparseToDense_36",
            "pid": 1,
            "tid": 1,
            "ts": 1538406396570465,
            "id": 73
        },
        {
            "ph": "X",
            "cat": "Op",
            "name": "_Retval",
            "pid": 1,
            "tid": 0,
            "ts": 1538406396570466,
            "dur": 1,
            "args": {
                "name": "_retval_SparseToDense_21_0_13",
                "op": "_Retval",
                "input0": "SparseToDense_21"
            }
        },
        {
            "ph": "X",
            "cat": "Op",
            "name": "_Retval",
            "pid": 1,
            "tid": 0,
            "ts": 1538406396570468,
            "dur": 0,
            "args": {
                "name": "_retval_SparseToDense_22_0_14",
                "op": "_Retval",
                "input0": "SparseToDense_22"
            }
        },
        {
            "ph": "X",
            "cat": "Op",
            "name": "_Retval",
            "pid": 1,
            "tid": 0,
            "ts": 1538406396570475,
            "dur": 1,
            "args": {
                "name": "_retval_SparseToDense_23_0_15",
                "op": "_Retval",
                "input0": "SparseToDense_23"
            }
        },
        {
            "ph": "X",
            "cat": "Op",
            "name": "_Retval",
            "pid": 1,
            "tid": 0,
            "ts": 1538406396570477,
            "dur": 1,
            "args": {
                "name": "_retval_SparseToDense_27_0_19",
                "op": "_Retval",
                "input0": "SparseToDense_27"
            }
        },
        {
            "ph": "X",
            "cat": "Op",
            "name": "_Retval",
            "pid": 1,
            "tid": 0,
            "ts": 1538406396570479,
            "dur": 0,
            "args": {
                "name": "_retval_SparseToDense_3_0_33",
                "op": "_Retval",
                "input0": "SparseToDense_3"
            }
        },
        {
            "ph": "X",
            "cat": "Op",
            "name": "LookupTableFindV2",
            "pid": 1,
            "tid": 2,
            "ts": 1538406396570435,
            "dur": 43,
            "args": {
                "name": "hash_table_Lookup_10",
                "op": "LookupTableFindV2",
                "input0": "string_to_index/hash_table",
                "input1": "StringSplit_7:1",
                "input2": "string_to_index_1/hash_table/Const"
            }
        },
        {
            "ph": "s",
            "cat": "DataFlow",
            "name": "string_to_index/hash_table",
            "pid": 1,
            "tid": 1,
            "ts": 1538406396570147,
            "id": 74
        },
        {
            "ph": "t",
            "cat": "DataFlow",
            "name": "string_to_index/hash_table",
            "pid": 1,
            "tid": 2,
            "ts": 1538406396570435,
            "id": 74
        },
        {
            "ph": "s",
            "cat": "DataFlow",
            "name": "string_to_index_1/hash_table/Const",
            "pid": 1,
            "tid": 0,
            "ts": 1538406396570123,
            "id": 75
        },
        {
            "ph": "t",
            "cat": "DataFlow",
            "name": "string_to_index_1/hash_table/Const",
            "pid": 1,
            "tid": 2,
            "ts": 1538406396570435,
            "id": 75
        },
        {
            "ph": "X",
            "cat": "Op",
            "name": "_Retval",
            "pid": 1,
            "tid": 0,
            "ts": 1538406396570480,
            "dur": 1,
            "args": {
                "name": "_retval_SparseToDense_28_0_20",
                "op": "_Retval",
                "input0": "SparseToDense_28"
            }
        },
        {
            "ph": "X",
            "cat": "Op",
            "name": "_Retval",
            "pid": 1,
            "tid": 0,
            "ts": 1538406396570482,
            "dur": 0,
            "args": {
                "name": "_retval_SparseToDense_4_0_36",
                "op": "_Retval",
                "input0": "SparseToDense_4"
            }
        },
        {
            "ph": "X",
            "cat": "Op",
            "name": "_Retval",
            "pid": 1,
            "tid": 0,
            "ts": 1538406396570483,
            "dur": 1,
            "args": {
                "name": "_retval_SparseToDense_29_0_21",
                "op": "_Retval",
                "input0": "SparseToDense_29"
            }
        },
        {
            "ph": "X",
            "cat": "Op",
            "name": "_Retval",
            "pid": 1,
            "tid": 0,
            "ts": 1538406396570485,
            "dur": 0,
            "args": {
                "name": "_retval_SparseToDense_5_0_37",
                "op": "_Retval",
                "input0": "SparseToDense_5"
            }
        },
        {
            "ph": "X",
            "cat": "Op",
            "name": "_Retval",
            "pid": 1,
            "tid": 0,
            "ts": 1538406396570486,
            "dur": 1,
            "args": {
                "name": "_retval_SparseToDense_33_0_26",
                "op": "_Retval",
                "input0": "SparseToDense_33"
            }
        },
        {
            "ph": "X",
            "cat": "Op",
            "name": "_Retval",
            "pid": 1,
            "tid": 0,
            "ts": 1538406396570488,
            "dur": 0,
            "args": {
                "name": "_retval_SparseToDense_9_0_41",
                "op": "_Retval",
                "input0": "SparseToDense_9"
            }
        },
        {
            "ph": "X",
            "cat": "Op",
            "name": "SparseToDense",
            "pid": 1,
            "tid": 1,
            "ts": 1538406396570481,
            "dur": 15,
            "args": {
                "name": "SparseToDense_19",
                "op": "SparseToDense",
                "input0": "StringSplit_7",
                "input1": "StringSplit_7:2",
                "input2": "hash_table_Lookup_10",
                "input3": "SparseToDense/default_value"
            }
        },
        {
            "ph": "s",
            "cat": "DataFlow",
            "name": "hash_table_Lookup_10",
            "pid": 1,
            "tid": 2,
            "ts": 1538406396570478,
            "id": 76
        },
        {
            "ph": "t",
            "cat": "DataFlow",
            "name": "hash_table_Lookup_10",
            "pid": 1,
            "tid": 1,
            "ts": 1538406396570481,
            "id": 76
        },
        {
            "ph": "s",
            "cat": "DataFlow",
            "name": "SparseToDense/default_value",
            "pid": 1,
            "tid": 0,
            "ts": 1538406396570130,
            "id": 77
        },
        {
            "ph": "t",
            "cat": "DataFlow",
            "name": "SparseToDense/default_value",
            "pid": 1,
            "tid": 1,
            "ts": 1538406396570481,
            "id": 77
        },
        {
            "ph": "X",
            "cat": "Op",
            "name": "_Retval",
            "pid": 1,
            "tid": 0,
            "ts": 1538406396570499,
            "dur": 3,
            "args": {
                "name": "_retval_SparseToDense_19_0_10",
                "op": "_Retval",
                "input0": "SparseToDense_19"
            }
        },
        {
            "ph": "s",
            "cat": "DataFlow",
            "name": "SparseToDense_19",
            "pid": 1,
            "tid": 1,
            "ts": 1538406396570496,
            "id": 78
        },
        {
            "ph": "t",
            "cat": "DataFlow",
            "name": "SparseToDense_19",
            "pid": 1,
            "tid": 0,
            "ts": 1538406396570499,
            "id": 78
        }
    ]
}