{
    "traceEvents": [
        {
            "name": "process_name",
            "ph": "M",
            "pid": 0,
            "args": {
                "name": "Allocators"
            }
        },
        {
            "name": "process_name",
            "ph": "M",
            "pid": 1,
            "args": {
                "name": "/job:localhost/replica:0/task:0/device:CPU:0 Compute"
            }
        },
        {
            "name": "process_name",
            "ph": "M",
            "pid": 2,
            "args": {
                "name": "/job:localhost/replica:0/task:0/device:CPU:0 Tensors"
            }
        },
        {
            "ph": "X",
            "cat": "Op",
            "name": "NoOp",
            "pid": 1,
            "tid": 0,
            "ts": 1538818698618518,
            "dur": 7,
            "args": {
                "name": "_SOURCE",
                "op": "NoOp"
            }
        },
        {
            "ph": "X",
            "cat": "Op",
            "name": "Const",
            "pid": 1,
            "tid": 0,
            "ts": 1538818698618535,
            "dur": 11,
            "args": {
                "name": "string_to_index_1/hash_table/Const",
                "op": "Const"
            }
        },
        {
            "ph": "X",
            "cat": "Op",
            "name": "Const",
            "pid": 1,
            "tid": 0,
            "ts": 1538818698618549,
            "dur": 3,
            "args": {
                "name": "SparseToDense/default_value",
                "op": "Const"
            }
        },
        {
            "ph": "X",
            "cat": "Op",
            "name": "HashTableV2",
            "pid": 1,
            "tid": 1,
            "ts": 1538818698618538,
            "dur": 18,
            "args": {
                "name": "string_to_index_1/hash_table",
                "op": "HashTableV2"
            }
        },
        {
            "ph": "X",
            "cat": "Op",
            "name": "Const",
            "pid": 1,
            "tid": 0,
            "ts": 1538818698618553,
            "dur": 4,
            "args": {
                "name": "SparseToDense_10/_0__cf__0",
                "op": "Const"
            }
        },
        {
            "ph": "X",
            "cat": "Op",
            "name": "Const",
            "pid": 1,
            "tid": 0,
            "ts": 1538818698618559,
            "dur": 4,
            "args": {
                "name": "SparseToDense_11/_1__cf__1",
                "op": "Const"
            }
        },
        {
            "ph": "X",
            "cat": "Op",
            "name": "Const",
            "pid": 1,
            "tid": 0,
            "ts": 1538818698618564,
            "dur": 3,
            "args": {
                "name": "SparseToDense_15/_2__cf__2",
                "op": "Const"
            }
        },
        {
            "ph": "X",
            "cat": "Op",
            "name": "Const",
            "pid": 1,
            "tid": 0,
            "ts": 1538818698618568,
            "dur": 2,
            "args": {
                "name": "SparseToDense_16/_3__cf__3",
                "op": "Const"
            }
        },
        {
            "ph": "X",
            "cat": "Op",
            "name": "Const",
            "pid": 1,
            "tid": 0,
            "ts": 1538818698618571,
            "dur": 2,
            "args": {
                "name": "SparseToDense_17/_4__cf__4",
                "op": "Const"
            }
        },
        {
            "ph": "X",
            "cat": "Op",
            "name": "Const",
            "pid": 1,
            "tid": 0,
            "ts": 1538818698618574,
            "dur": 2,
            "args": {
                "name": "SparseToDense_21/_5__cf__5",
                "op": "Const"
            }
        },
        {
            "ph": "X",
            "cat": "Op",
            "name": "HashTableV2",
            "pid": 1,
            "tid": 2,
            "ts": 1538818698618542,
            "dur": 34,
            "args": {
                "name": "string_to_index/hash_table",
                "op": "HashTableV2"
            }
        },
        {
            "ph": "X",
            "cat": "Op",
            "name": "Const",
            "pid": 1,
            "tid": 0,
            "ts": 1538818698618577,
            "dur": 6,
            "args": {
                "name": "SparseToDense_22/_6__cf__6",
                "op": "Const"
            }
        },
        {
            "ph": "X",
            "cat": "Op",
            "name": "Const",
            "pid": 1,
            "tid": 0,
            "ts": 1538818698618584,
            "dur": 2,
            "args": {
                "name": "SparseToDense_23/_7__cf__7",
                "op": "Const"
            }
        },
        {
            "ph": "X",
            "cat": "Op",
            "name": "Const",
            "pid": 1,
            "tid": 0,
            "ts": 1538818698618587,
            "dur": 2,
            "args": {
                "name": "SparseToDense_27/_8__cf__8",
                "op": "Const"
            }
        },
        {
            "ph": "X",
            "cat": "Op",
            "name": "Const",
            "pid": 1,
            "tid": 1,
            "ts": 1538818698618589,
            "dur": 2,
            "args": {
                "name": "SparseToDense_28/_9__cf__9",
                "op": "Const"
            }
        },
        {
            "ph": "X",
            "cat": "Op",
            "name": "Const",
            "pid": 1,
            "tid": 0,
            "ts": 1538818698618592,
            "dur": 2,
            "args": {
                "name": "SparseToDense_29/_10__cf__10",
                "op": "Const"
            }
        },
        {
            "ph": "X",
            "cat": "Op",
            "name": "Const",
            "pid": 1,
            "tid": 0,
            "ts": 1538818698618595,
            "dur": 2,
            "args": {
                "name": "SparseToDense_33/_12__cf__12",
                "op": "Const"
            }
        },
        {
            "ph": "X",
            "cat": "Op",
            "name": "Const",
            "pid": 1,
            "tid": 0,
            "ts": 1538818698618598,
            "dur": 2,
            "args": {
                "name": "StringSplit_10/_21__cf__21",
                "op": "Const"
            }
        },
        {
            "ph": "X",
            "cat": "Op",
            "name": "Const",
            "pid": 1,
            "tid": 0,
            "ts": 1538818698618607,
            "dur": 3,
            "args": {
                "name": "StringSplit_10/_23__cf__23",
                "op": "Const"
            }
        },
        {
            "ph": "X",
            "cat": "Op",
            "name": "Const",
            "pid": 1,
            "tid": 0,
            "ts": 1538818698618612,
            "dur": 3,
            "args": {
                "name": "StringSplit_11/_24__cf__24",
                "op": "Const"
            }
        },
        {
            "ph": "X",
            "cat": "Op",
            "name": "LookupTableFindV2",
            "pid": 1,
            "tid": 1,
            "ts": 1538818698618602,
            "dur": 14,
            "args": {
                "name": "hash_table_Lookup_8",
                "op": "LookupTableFindV2",
                "input0": "string_to_index/hash_table",
                "input1": "StringSplit_10:1",
                "input2": "string_to_index_1/hash_table/Const"
            }
        },
        {
            "ph": "s",
            "cat": "DataFlow",
            "name": "string_to_index/hash_table",
            "pid": 1,
            "tid": 2,
            "ts": 1538818698618576,
            "id": 0
        },
        {
            "ph": "t",
            "cat": "DataFlow",
            "name": "string_to_index/hash_table",
            "pid": 1,
            "tid": 1,
            "ts": 1538818698618602,
            "id": 0
        },
        {
            "ph": "s",
            "cat": "DataFlow",
            "name": "string_to_index_1/hash_table/Const",
            "pid": 1,
            "tid": 0,
            "ts": 1538818698618546,
            "id": 1
        },
        {
            "ph": "t",
            "cat": "DataFlow",
            "name": "string_to_index_1/hash_table/Const",
            "pid": 1,
            "tid": 1,
            "ts": 1538818698618602,
            "id": 1
        },
        {
            "ph": "X",
            "cat": "Op",
            "name": "Const",
            "pid": 1,
            "tid": 0,
            "ts": 1538818698618616,
            "dur": 2,
            "args": {
                "name": "StringSplit_11/_25__cf__25",
                "op": "Const"
            }
        },
        {
            "ph": "X",
            "cat": "Op",
            "name": "Const",
            "pid": 1,
            "tid": 0,
            "ts": 1538818698618619,
            "dur": 2,
            "args": {
                "name": "StringSplit_11/_26__cf__26",
                "op": "Const"
            }
        },
        {
            "ph": "X",
            "cat": "Op",
            "name": "LookupTableFindV2",
            "pid": 1,
            "tid": 2,
            "ts": 1538818698618611,
            "dur": 11,
            "args": {
                "name": "hash_table_Lookup_20",
                "op": "LookupTableFindV2",
                "input0": "string_to_index_1/hash_table",
                "input1": "StringSplit_10:1",
                "input2": "string_to_index_1/hash_table/Const"
            }
        },
        {
            "ph": "s",
            "cat": "DataFlow",
            "name": "string_to_index_1/hash_table",
            "pid": 1,
            "tid": 1,
            "ts": 1538818698618556,
            "id": 2
        },
        {
            "ph": "t",
            "cat": "DataFlow",
            "name": "string_to_index_1/hash_table",
            "pid": 1,
            "tid": 2,
            "ts": 1538818698618611,
            "id": 2
        },
        {
            "ph": "s",
            "cat": "DataFlow",
            "name": "string_to_index_1/hash_table/Const",
            "pid": 1,
            "tid": 0,
            "ts": 1538818698618546,
            "id": 3
        },
        {
            "ph": "t",
            "cat": "DataFlow",
            "name": "string_to_index_1/hash_table/Const",
            "pid": 1,
            "tid": 2,
            "ts": 1538818698618611,
            "id": 3
        },
        {
            "ph": "X",
            "cat": "Op",
            "name": "LookupTableFindV2",
            "pid": 1,
            "tid": 0,
            "ts": 1538818698618623,
            "dur": 5,
            "args": {
                "name": "hash_table_Lookup_11",
                "op": "LookupTableFindV2",
                "input0": "string_to_index/hash_table",
                "input1": "StringSplit_11:1",
                "input2": "string_to_index_1/hash_table/Const"
            }
        },
        {
            "ph": "s",
            "cat": "DataFlow",
            "name": "string_to_index/hash_table",
            "pid": 1,
            "tid": 2,
            "ts": 1538818698618576,
            "id": 4
        },
        {
            "ph": "t",
            "cat": "DataFlow",
            "name": "string_to_index/hash_table",
            "pid": 1,
            "tid": 0,
            "ts": 1538818698618623,
            "id": 4
        },
        {
            "ph": "X",
            "cat": "Op",
            "name": "Const",
            "pid": 1,
            "tid": 1,
            "ts": 1538818698618626,
            "dur": 4,
            "args": {
                "name": "StringSplit_12/_27__cf__27",
                "op": "Const"
            }
        },
        {
            "ph": "X",
            "cat": "Op",
            "name": "Const",
            "pid": 1,
            "tid": 0,
            "ts": 1538818698618631,
            "dur": 3,
            "args": {
                "name": "StringSplit_12/_28__cf__28",
                "op": "Const"
            }
        },
        {
            "ph": "X",
            "cat": "Op",
            "name": "Const",
            "pid": 1,
            "tid": 0,
            "ts": 1538818698618641,
            "dur": 3,
            "args": {
                "name": "StringSplit_12/_29__cf__29",
                "op": "Const"
            }
        },
        {
            "ph": "X",
            "cat": "Op",
            "name": "SparseToDense",
            "pid": 1,
            "tid": 2,
            "ts": 1538818698618630,
            "dur": 13,
            "args": {
                "name": "SparseToDense_20",
                "op": "SparseToDense",
                "input0": "StringSplit_11",
                "input1": "StringSplit_11:2",
                "input2": "hash_table_Lookup_11",
                "input3": "SparseToDense/default_value"
            }
        },
        {
            "ph": "s",
            "cat": "DataFlow",
            "name": "hash_table_Lookup_11",
            "pid": 1,
            "tid": 0,
            "ts": 1538818698618628,
            "id": 5
        },
        {
            "ph": "t",
            "cat": "DataFlow",
            "name": "hash_table_Lookup_11",
            "pid": 1,
            "tid": 2,
            "ts": 1538818698618630,
            "id": 5
        },
        {
            "ph": "s",
            "cat": "DataFlow",
            "name": "SparseToDense/default_value",
            "pid": 1,
            "tid": 0,
            "ts": 1538818698618552,
            "id": 6
        },
        {
            "ph": "t",
            "cat": "DataFlow",
            "name": "SparseToDense/default_value",
            "pid": 1,
            "tid": 2,
            "ts": 1538818698618630,
            "id": 6
        },
        {
            "ph": "X",
            "cat": "Op",
            "name": "_Retval",
            "pid": 1,
            "tid": 0,
            "ts": 1538818698618646,
            "dur": 2,
            "args": {
                "name": "_retval_SparseToDense_20_0_12",
                "op": "_Retval",
                "input0": "SparseToDense_20"
            }
        },
        {
            "ph": "s",
            "cat": "DataFlow",
            "name": "SparseToDense_20",
            "pid": 1,
            "tid": 2,
            "ts": 1538818698618643,
            "id": 7
        },
        {
            "ph": "t",
            "cat": "DataFlow",
            "name": "SparseToDense_20",
            "pid": 1,
            "tid": 0,
            "ts": 1538818698618646,
            "id": 7
        },
        {
            "ph": "X",
            "cat": "Op",
            "name": "Const",
            "pid": 1,
            "tid": 1,
            "ts": 1538818698618645,
            "dur": 3,
            "args": {
                "name": "StringSplit_13/_30__cf__30",
                "op": "Const"
            }
        },
        {
            "ph": "X",
            "cat": "Op",
            "name": "LookupTableFindV2",
            "pid": 1,
            "tid": 3,
            "ts": 1538818698618642,
            "dur": 7,
            "args": {
                "name": "hash_table_Lookup",
                "op": "LookupTableFindV2",
                "input0": "string_to_index/hash_table",
                "input1": "StringSplit_12:1",
                "input2": "string_to_index_1/hash_table/Const"
            }
        },
        {
            "ph": "s",
            "cat": "DataFlow",
            "name": "string_to_index/hash_table",
            "pid": 1,
            "tid": 2,
            "ts": 1538818698618576,
            "id": 8
        },
        {
            "ph": "t",
            "cat": "DataFlow",
            "name": "string_to_index/hash_table",
            "pid": 1,
            "tid": 3,
            "ts": 1538818698618642,
            "id": 8
        },
        {
            "ph": "s",
            "cat": "DataFlow",
            "name": "string_to_index_1/hash_table/Const",
            "pid": 1,
            "tid": 0,
            "ts": 1538818698618546,
            "id": 9
        },
        {
            "ph": "t",
            "cat": "DataFlow",
            "name": "string_to_index_1/hash_table/Const",
            "pid": 1,
            "tid": 3,
            "ts": 1538818698618642,
            "id": 9
        },
        {
            "ph": "X",
            "cat": "Op",
            "name": "Const",
            "pid": 1,
            "tid": 0,
            "ts": 1538818698618653,
            "dur": 3,
            "args": {
                "name": "StringSplit_13/_31__cf__31",
                "op": "Const"
            }
        },
        {
            "ph": "X",
            "cat": "Op",
            "name": "SparseToDense",
            "pid": 1,
            "tid": 1,
            "ts": 1538818698618651,
            "dur": 10,
            "args": {
                "name": "SparseToDense",
                "op": "SparseToDense",
                "input0": "StringSplit_12",
                "input1": "StringSplit_12:2",
                "input2": "hash_table_Lookup",
                "input3": "SparseToDense/default_value"
            }
        },
        {
            "ph": "s",
            "cat": "DataFlow",
            "name": "hash_table_Lookup",
            "pid": 1,
            "tid": 3,
            "ts": 1538818698618649,
            "id": 10
        },
        {
            "ph": "t",
            "cat": "DataFlow",
            "name": "hash_table_Lookup",
            "pid": 1,
            "tid": 1,
            "ts": 1538818698618651,
            "id": 10
        },
        {
            "ph": "s",
            "cat": "DataFlow",
            "name": "SparseToDense/default_value",
            "pid": 1,
            "tid": 0,
            "ts": 1538818698618552,
            "id": 11
        },
        {
            "ph": "t",
            "cat": "DataFlow",
            "name": "SparseToDense/default_value",
            "pid": 1,
            "tid": 1,
            "ts": 1538818698618651,
            "id": 11
        },
        {
            "ph": "X",
            "cat": "Op",
            "name": "LookupTableFindV2",
            "pid": 1,
            "tid": 2,
            "ts": 1538818698618646,
            "dur": 17,
            "args": {
                "name": "hash_table_Lookup_12",
                "op": "LookupTableFindV2",
                "input0": "string_to_index_1/hash_table",
                "input1": "StringSplit_12:1",
                "input2": "string_to_index_1/hash_table/Const"
            }
        },
        {
            "ph": "s",
            "cat": "DataFlow",
            "name": "string_to_index_1/hash_table",
            "pid": 1,
            "tid": 1,
            "ts": 1538818698618556,
            "id": 12
        },
        {
            "ph": "t",
            "cat": "DataFlow",
            "name": "string_to_index_1/hash_table",
            "pid": 1,
            "tid": 2,
            "ts": 1538818698618646,
            "id": 12
        },
        {
            "ph": "s",
            "cat": "DataFlow",
            "name": "string_to_index_1/hash_table/Const",
            "pid": 1,
            "tid": 0,
            "ts": 1538818698618546,
            "id": 13
        },
        {
            "ph": "t",
            "cat": "DataFlow",
            "name": "string_to_index_1/hash_table/Const",
            "pid": 1,
            "tid": 2,
            "ts": 1538818698618646,
            "id": 13
        },
        {
            "ph": "X",
            "cat": "Op",
            "name": "_Retval",
            "pid": 1,
            "tid": 0,
            "ts": 1538818698618663,
            "dur": 1,
            "args": {
                "name": "_retval_SparseToDense_0_0",
                "op": "_Retval",
                "input0": "SparseToDense"
            }
        },
        {
            "ph": "s",
            "cat": "DataFlow",
            "name": "SparseToDense",
            "pid": 1,
            "tid": 1,
            "ts": 1538818698618661,
            "id": 14
        },
        {
            "ph": "t",
            "cat": "DataFlow",
            "name": "SparseToDense",
            "pid": 1,
            "tid": 0,
            "ts": 1538818698618663,
            "id": 14
        },
        {
            "ph": "X",
            "cat": "Op",
            "name": "Const",
            "pid": 1,
            "tid": 0,
            "ts": 1538818698618665,
            "dur": 5,
            "args": {
                "name": "StringSplit_13/_32__cf__32",
                "op": "Const"
            }
        },
        {
            "ph": "X",
            "cat": "Op",
            "name": "Const",
            "pid": 1,
            "tid": 0,
            "ts": 1538818698618672,
            "dur": 2,
            "args": {
                "name": "StringSplit_15/_34__cf__34",
                "op": "Const"
            }
        },
        {
            "ph": "X",
            "cat": "Op",
            "name": "LookupTableFindV2",
            "pid": 1,
            "tid": 1,
            "ts": 1538818698618666,
            "dur": 8,
            "args": {
                "name": "hash_table_Lookup_3",
                "op": "LookupTableFindV2",
                "input0": "string_to_index/hash_table",
                "input1": "StringSplit_13:1",
                "input2": "string_to_index_1/hash_table/Const"
            }
        },
        {
            "ph": "s",
            "cat": "DataFlow",
            "name": "string_to_index/hash_table",
            "pid": 1,
            "tid": 2,
            "ts": 1538818698618576,
            "id": 15
        },
        {
            "ph": "t",
            "cat": "DataFlow",
            "name": "string_to_index/hash_table",
            "pid": 1,
            "tid": 1,
            "ts": 1538818698618666,
            "id": 15
        },
        {
            "ph": "s",
            "cat": "DataFlow",
            "name": "string_to_index_1/hash_table/Const",
            "pid": 1,
            "tid": 0,
            "ts": 1538818698618546,
            "id": 16
        },
        {
            "ph": "t",
            "cat": "DataFlow",
            "name": "string_to_index_1/hash_table/Const",
            "pid": 1,
            "tid": 1,
            "ts": 1538818698618666,
            "id": 16
        },
        {
            "ph": "X",
            "cat": "Op",
            "name": "SparseToDense",
            "pid": 1,
            "tid": 2,
            "ts": 1538818698618666,
            "dur": 9,
            "args": {
                "name": "SparseToDense_24",
                "op": "SparseToDense",
                "input0": "StringSplit_12",
                "input1": "StringSplit_12:2",
                "input2": "hash_table_Lookup_12",
                "input3": "SparseToDense/default_value"
            }
        },
        {
            "ph": "s",
            "cat": "DataFlow",
            "name": "SparseToDense/default_value",
            "pid": 1,
            "tid": 0,
            "ts": 1538818698618552,
            "id": 17
        },
        {
            "ph": "t",
            "cat": "DataFlow",
            "name": "SparseToDense/default_value",
            "pid": 1,
            "tid": 2,
            "ts": 1538818698618666,
            "id": 17
        },
        {
            "ph": "X",
            "cat": "Op",
            "name": "LookupTableFindV2",
            "pid": 1,
            "tid": 3,
            "ts": 1538818698618660,
            "dur": 16,
            "args": {
                "name": "hash_table_Lookup_15",
                "op": "LookupTableFindV2",
                "input0": "string_to_index_1/hash_table",
                "input1": "StringSplit_13:1",
                "input2": "string_to_index_1/hash_table/Const"
            }
        },
        {
            "ph": "s",
            "cat": "DataFlow",
            "name": "string_to_index_1/hash_table",
            "pid": 1,
            "tid": 1,
            "ts": 1538818698618556,
            "id": 18
        },
        {
            "ph": "t",
            "cat": "DataFlow",
            "name": "string_to_index_1/hash_table",
            "pid": 1,
            "tid": 3,
            "ts": 1538818698618660,
            "id": 18
        },
        {
            "ph": "s",
            "cat": "DataFlow",
            "name": "string_to_index_1/hash_table/Const",
            "pid": 1,
            "tid": 0,
            "ts": 1538818698618546,
            "id": 19
        },
        {
            "ph": "t",
            "cat": "DataFlow",
            "name": "string_to_index_1/hash_table/Const",
            "pid": 1,
            "tid": 3,
            "ts": 1538818698618660,
            "id": 19
        },
        {
            "ph": "X",
            "cat": "Op",
            "name": "_Retval",
            "pid": 1,
            "tid": 0,
            "ts": 1538818698618678,
            "dur": 1,
            "args": {
                "name": "_retval_SparseToDense_24_0_16",
                "op": "_Retval",
                "input0": "SparseToDense_24"
            }
        },
        {
            "ph": "s",
            "cat": "DataFlow",
            "name": "SparseToDense_24",
            "pid": 1,
            "tid": 2,
            "ts": 1538818698618675,
            "id": 20
        },
        {
            "ph": "t",
            "cat": "DataFlow",
            "name": "SparseToDense_24",
            "pid": 1,
            "tid": 0,
            "ts": 1538818698618678,
            "id": 20
        },
        {
            "ph": "X",
            "cat": "Op",
            "name": "SparseToDense",
            "pid": 1,
            "tid": 1,
            "ts": 1538818698618676,
            "dur": 7,
            "args": {
                "name": "SparseToDense_6",
                "op": "SparseToDense",
                "input0": "StringSplit_13",
                "input1": "StringSplit_13:2",
                "input2": "hash_table_Lookup_3",
                "input3": "SparseToDense/default_value"
            }
        },
        {
            "ph": "s",
            "cat": "DataFlow",
            "name": "SparseToDense/default_value",
            "pid": 1,
            "tid": 0,
            "ts": 1538818698618552,
            "id": 21
        },
        {
            "ph": "t",
            "cat": "DataFlow",
            "name": "SparseToDense/default_value",
            "pid": 1,
            "tid": 1,
            "ts": 1538818698618676,
            "id": 21
        },
        {
            "ph": "X",
            "cat": "Op",
            "name": "LookupTableFindV2",
            "pid": 1,
            "tid": 2,
            "ts": 1538818698618676,
            "dur": 8,
            "args": {
                "name": "hash_table_Lookup_1",
                "op": "LookupTableFindV2",
                "input0": "string_to_index/hash_table",
                "input1": "StringSplit_15:1",
                "input2": "string_to_index_1/hash_table/Const"
            }
        },
        {
            "ph": "s",
            "cat": "DataFlow",
            "name": "string_to_index_1/hash_table/Const",
            "pid": 1,
            "tid": 0,
            "ts": 1538818698618546,
            "id": 22
        },
        {
            "ph": "t",
            "cat": "DataFlow",
            "name": "string_to_index_1/hash_table/Const",
            "pid": 1,
            "tid": 2,
            "ts": 1538818698618676,
            "id": 22
        },
        {
            "ph": "X",
            "cat": "Op",
            "name": "_Retval",
            "pid": 1,
            "tid": 0,
            "ts": 1538818698618685,
            "dur": 1,
            "args": {
                "name": "_retval_SparseToDense_6_0_38",
                "op": "_Retval",
                "input0": "SparseToDense_6"
            }
        },
        {
            "ph": "s",
            "cat": "DataFlow",
            "name": "SparseToDense_6",
            "pid": 1,
            "tid": 1,
            "ts": 1538818698618683,
            "id": 23
        },
        {
            "ph": "t",
            "cat": "DataFlow",
            "name": "SparseToDense_6",
            "pid": 1,
            "tid": 0,
            "ts": 1538818698618685,
            "id": 23
        },
        {
            "ph": "X",
            "cat": "Op",
            "name": "Const",
            "pid": 1,
            "tid": 3,
            "ts": 1538818698618682,
            "dur": 3,
            "args": {
                "name": "StringSplit_15/_35__cf__35",
                "op": "Const"
            }
        },
        {
            "ph": "X",
            "cat": "Op",
            "name": "LookupTableFindV2",
            "pid": 1,
            "tid": 4,
            "ts": 1538818698618681,
            "dur": 7,
            "args": {
                "name": "hash_table_Lookup_13",
                "op": "LookupTableFindV2",
                "input0": "string_to_index_1/hash_table",
                "input1": "StringSplit_15:1",
                "input2": "string_to_index_1/hash_table/Const"
            }
        },
        {
            "ph": "s",
            "cat": "DataFlow",
            "name": "string_to_index_1/hash_table",
            "pid": 1,
            "tid": 1,
            "ts": 1538818698618556,
            "id": 24
        },
        {
            "ph": "t",
            "cat": "DataFlow",
            "name": "string_to_index_1/hash_table",
            "pid": 1,
            "tid": 4,
            "ts": 1538818698618681,
            "id": 24
        },
        {
            "ph": "s",
            "cat": "DataFlow",
            "name": "string_to_index_1/hash_table/Const",
            "pid": 1,
            "tid": 0,
            "ts": 1538818698618546,
            "id": 25
        },
        {
            "ph": "t",
            "cat": "DataFlow",
            "name": "string_to_index_1/hash_table/Const",
            "pid": 1,
            "tid": 4,
            "ts": 1538818698618681,
            "id": 25
        },
        {
            "ph": "X",
            "cat": "Op",
            "name": "SparseToDense",
            "pid": 1,
            "tid": 5,
            "ts": 1538818698618678,
            "dur": 9,
            "args": {
                "name": "SparseToDense_30",
                "op": "SparseToDense",
                "input0": "StringSplit_13",
                "input1": "StringSplit_13:2",
                "input2": "hash_table_Lookup_15",
                "input3": "SparseToDense/default_value"
            }
        },
        {
            "ph": "s",
            "cat": "DataFlow",
            "name": "hash_table_Lookup_15",
            "pid": 1,
            "tid": 3,
            "ts": 1538818698618676,
            "id": 26
        },
        {
            "ph": "t",
            "cat": "DataFlow",
            "name": "hash_table_Lookup_15",
            "pid": 1,
            "tid": 5,
            "ts": 1538818698618678,
            "id": 26
        },
        {
            "ph": "s",
            "cat": "DataFlow",
            "name": "SparseToDense/default_value",
            "pid": 1,
            "tid": 0,
            "ts": 1538818698618552,
            "id": 27
        },
        {
            "ph": "t",
            "cat": "DataFlow",
            "name": "SparseToDense/default_value",
            "pid": 1,
            "tid": 5,
            "ts": 1538818698618678,
            "id": 27
        },
        {
            "ph": "X",
            "cat": "Op",
            "name": "_Retval",
            "pid": 1,
            "tid": 0,
            "ts": 1538818698618690,
            "dur": 1,
            "args": {
                "name": "_retval_SparseToDense_30_0_23",
                "op": "_Retval",
                "input0": "SparseToDense_30"
            }
        },
        {
            "ph": "s",
            "cat": "DataFlow",
            "name": "SparseToDense_30",
            "pid": 1,
            "tid": 5,
            "ts": 1538818698618687,
            "id": 28
        },
        {
            "ph": "t",
            "cat": "DataFlow",
            "name": "SparseToDense_30",
            "pid": 1,
            "tid": 0,
            "ts": 1538818698618690,
            "id": 28
        },
        {
            "ph": "X",
            "cat": "Op",
            "name": "SparseToDense",
            "pid": 1,
            "tid": 1,
            "ts": 1538818698618690,
            "dur": 6,
            "args": {
                "name": "SparseToDense_25",
                "op": "SparseToDense",
                "input0": "StringSplit_15",
                "input1": "StringSplit_15:2",
                "input2": "hash_table_Lookup_13",
                "input3": "SparseToDense/default_value"
            }
        },
        {
            "ph": "s",
            "cat": "DataFlow",
            "name": "hash_table_Lookup_13",
            "pid": 1,
            "tid": 4,
            "ts": 1538818698618688,
            "id": 29
        },
        {
            "ph": "t",
            "cat": "DataFlow",
            "name": "hash_table_Lookup_13",
            "pid": 1,
            "tid": 1,
            "ts": 1538818698618690,
            "id": 29
        },
        {
            "ph": "s",
            "cat": "DataFlow",
            "name": "SparseToDense/default_value",
            "pid": 1,
            "tid": 0,
            "ts": 1538818698618552,
            "id": 30
        },
        {
            "ph": "t",
            "cat": "DataFlow",
            "name": "SparseToDense/default_value",
            "pid": 1,
            "tid": 1,
            "ts": 1538818698618690,
            "id": 30
        },
        {
            "ph": "X",
            "cat": "Op",
            "name": "SparseToDense",
            "pid": 1,
            "tid": 2,
            "ts": 1538818698618690,
            "dur": 7,
            "args": {
                "name": "SparseToDense_14",
                "op": "SparseToDense",
                "input0": "StringSplit_10",
                "input1": "StringSplit_10:2",
                "input2": "hash_table_Lookup_8",
                "input3": "SparseToDense/default_value"
            }
        },
        {
            "ph": "s",
            "cat": "DataFlow",
            "name": "hash_table_Lookup_8",
            "pid": 1,
            "tid": 1,
            "ts": 1538818698618616,
            "id": 31
        },
        {
            "ph": "t",
            "cat": "DataFlow",
            "name": "hash_table_Lookup_8",
            "pid": 1,
            "tid": 2,
            "ts": 1538818698618690,
            "id": 31
        },
        {
            "ph": "s",
            "cat": "DataFlow",
            "name": "SparseToDense/default_value",
            "pid": 1,
            "tid": 0,
            "ts": 1538818698618552,
            "id": 32
        },
        {
            "ph": "t",
            "cat": "DataFlow",
            "name": "SparseToDense/default_value",
            "pid": 1,
            "tid": 2,
            "ts": 1538818698618690,
            "id": 32
        },
        {
            "ph": "X",
            "cat": "Op",
            "name": "Const",
            "pid": 1,
            "tid": 0,
            "ts": 1538818698618695,
            "dur": 4,
            "args": {
                "name": "StringSplit_16/_36__cf__36",
                "op": "Const"
            }
        },
        {
            "ph": "X",
            "cat": "Op",
            "name": "_Retval",
            "pid": 1,
            "tid": 1,
            "ts": 1538818698618698,
            "dur": 1,
            "args": {
                "name": "_retval_SparseToDense_25_0_17",
                "op": "_Retval",
                "input0": "SparseToDense_25"
            }
        },
        {
            "ph": "X",
            "cat": "Op",
            "name": "_Retval",
            "pid": 1,
            "tid": 2,
            "ts": 1538818698618699,
            "dur": 1,
            "args": {
                "name": "_retval_SparseToDense_14_0_5",
                "op": "_Retval",
                "input0": "SparseToDense_14"
            }
        },
        {
            "ph": "X",
            "cat": "Op",
            "name": "SparseToDense",
            "pid": 1,
            "tid": 3,
            "ts": 1538818698618694,
            "dur": 6,
            "args": {
                "name": "SparseToDense_38",
                "op": "SparseToDense",
                "input0": "StringSplit_10",
                "input1": "StringSplit_10:2",
                "input2": "hash_table_Lookup_20",
                "input3": "SparseToDense/default_value"
            }
        },
        {
            "ph": "s",
            "cat": "DataFlow",
            "name": "hash_table_Lookup_20",
            "pid": 1,
            "tid": 2,
            "ts": 1538818698618622,
            "id": 33
        },
        {
            "ph": "t",
            "cat": "DataFlow",
            "name": "hash_table_Lookup_20",
            "pid": 1,
            "tid": 3,
            "ts": 1538818698618694,
            "id": 33
        },
        {
            "ph": "s",
            "cat": "DataFlow",
            "name": "SparseToDense/default_value",
            "pid": 1,
            "tid": 0,
            "ts": 1538818698618552,
            "id": 34
        },
        {
            "ph": "t",
            "cat": "DataFlow",
            "name": "SparseToDense/default_value",
            "pid": 1,
            "tid": 3,
            "ts": 1538818698618694,
            "id": 34
        },
        {
            "ph": "X",
            "cat": "Op",
            "name": "_Retval",
            "pid": 1,
            "tid": 0,
            "ts": 1538818698618703,
            "dur": 1,
            "args": {
                "name": "_retval_SparseToDense_38_0_31",
                "op": "_Retval",
                "input0": "SparseToDense_38"
            }
        },
        {
            "ph": "s",
            "cat": "DataFlow",
            "name": "SparseToDense_38",
            "pid": 1,
            "tid": 3,
            "ts": 1538818698618700,
            "id": 35
        },
        {
            "ph": "t",
            "cat": "DataFlow",
            "name": "SparseToDense_38",
            "pid": 1,
            "tid": 0,
            "ts": 1538818698618703,
            "id": 35
        },
        {
            "ph": "X",
            "cat": "Op",
            "name": "Const",
            "pid": 1,
            "tid": 0,
            "ts": 1538818698618706,
            "dur": 3,
            "args": {
                "name": "StringSplit_18/_41__cf__41",
                "op": "Const"
            }
        },
        {
            "ph": "X",
            "cat": "Op",
            "name": "LookupTableFindV2",
            "pid": 1,
            "tid": 1,
            "ts": 1538818698618704,
            "dur": 6,
            "args": {
                "name": "hash_table_Lookup_4",
                "op": "LookupTableFindV2",
                "input0": "string_to_index/hash_table",
                "input1": "StringSplit_16:1",
                "input2": "string_to_index_1/hash_table/Const"
            }
        },
        {
            "ph": "s",
            "cat": "DataFlow",
            "name": "string_to_index/hash_table",
            "pid": 1,
            "tid": 2,
            "ts": 1538818698618576,
            "id": 36
        },
        {
            "ph": "t",
            "cat": "DataFlow",
            "name": "string_to_index/hash_table",
            "pid": 1,
            "tid": 1,
            "ts": 1538818698618704,
            "id": 36
        },
        {
            "ph": "s",
            "cat": "DataFlow",
            "name": "string_to_index_1/hash_table/Const",
            "pid": 1,
            "tid": 0,
            "ts": 1538818698618546,
            "id": 37
        },
        {
            "ph": "t",
            "cat": "DataFlow",
            "name": "string_to_index_1/hash_table/Const",
            "pid": 1,
            "tid": 1,
            "ts": 1538818698618704,
            "id": 37
        },
        {
            "ph": "X",
            "cat": "Op",
            "name": "SparseToDense",
            "pid": 1,
            "tid": 4,
            "ts": 1538818698618692,
            "dur": 19,
            "args": {
                "name": "SparseToDense_1",
                "op": "SparseToDense",
                "input0": "StringSplit_15",
                "input1": "StringSplit_15:2",
                "input2": "hash_table_Lookup_1",
                "input3": "SparseToDense/default_value"
            }
        },
        {
            "ph": "s",
            "cat": "DataFlow",
            "name": "hash_table_Lookup_1",
            "pid": 1,
            "tid": 2,
            "ts": 1538818698618684,
            "id": 38
        },
        {
            "ph": "t",
            "cat": "DataFlow",
            "name": "hash_table_Lookup_1",
            "pid": 1,
            "tid": 4,
            "ts": 1538818698618692,
            "id": 38
        },
        {
            "ph": "s",
            "cat": "DataFlow",
            "name": "SparseToDense/default_value",
            "pid": 1,
            "tid": 0,
            "ts": 1538818698618552,
            "id": 39
        },
        {
            "ph": "t",
            "cat": "DataFlow",
            "name": "SparseToDense/default_value",
            "pid": 1,
            "tid": 4,
            "ts": 1538818698618692,
            "id": 39
        },
        {
            "ph": "X",
            "cat": "Op",
            "name": "LookupTableFindV2",
            "pid": 1,
            "tid": 2,
            "ts": 1538818698618702,
            "dur": 11,
            "args": {
                "name": "hash_table_Lookup_16",
                "op": "LookupTableFindV2",
                "input0": "string_to_index_1/hash_table",
                "input1": "StringSplit_16:1",
                "input2": "string_to_index_1/hash_table/Const"
            }
        },
        {
            "ph": "s",
            "cat": "DataFlow",
            "name": "string_to_index_1/hash_table",
            "pid": 1,
            "tid": 1,
            "ts": 1538818698618556,
            "id": 40
        },
        {
            "ph": "t",
            "cat": "DataFlow",
            "name": "string_to_index_1/hash_table",
            "pid": 1,
            "tid": 2,
            "ts": 1538818698618702,
            "id": 40
        },
        {
            "ph": "s",
            "cat": "DataFlow",
            "name": "string_to_index_1/hash_table/Const",
            "pid": 1,
            "tid": 0,
            "ts": 1538818698618546,
            "id": 41
        },
        {
            "ph": "t",
            "cat": "DataFlow",
            "name": "string_to_index_1/hash_table/Const",
            "pid": 1,
            "tid": 2,
            "ts": 1538818698618702,
            "id": 41
        },
        {
            "ph": "X",
            "cat": "Op",
            "name": "_Retval",
            "pid": 1,
            "tid": 0,
            "ts": 1538818698618714,
            "dur": 1,
            "args": {
                "name": "_retval_SparseToDense_1_0_11",
                "op": "_Retval",
                "input0": "SparseToDense_1"
            }
        },
        {
            "ph": "s",
            "cat": "DataFlow",
            "name": "SparseToDense_1",
            "pid": 1,
            "tid": 4,
            "ts": 1538818698618711,
            "id": 42
        },
        {
            "ph": "t",
            "cat": "DataFlow",
            "name": "SparseToDense_1",
            "pid": 1,
            "tid": 0,
            "ts": 1538818698618714,
            "id": 42
        },
        {
            "ph": "X",
            "cat": "Op",
            "name": "SparseToDense",
            "pid": 1,
            "tid": 1,
            "ts": 1538818698618712,
            "dur": 6,
            "args": {
                "name": "SparseToDense_7",
                "op": "SparseToDense",
                "input0": "StringSplit_16",
                "input1": "StringSplit_16:2",
                "input2": "hash_table_Lookup_4",
                "input3": "SparseToDense/default_value"
            }
        },
        {
            "ph": "s",
            "cat": "DataFlow",
            "name": "SparseToDense/default_value",
            "pid": 1,
            "tid": 0,
            "ts": 1538818698618552,
            "id": 43
        },
        {
            "ph": "t",
            "cat": "DataFlow",
            "name": "SparseToDense/default_value",
            "pid": 1,
            "tid": 1,
            "ts": 1538818698618712,
            "id": 43
        },
        {
            "ph": "X",
            "cat": "Op",
            "name": "LookupTableFindV2",
            "pid": 1,
            "tid": 3,
            "ts": 1538818698618711,
            "dur": 7,
            "args": {
                "name": "hash_table_Lookup_2",
                "op": "LookupTableFindV2",
                "input0": "string_to_index/hash_table",
                "input1": "StringSplit_18:1",
                "input2": "string_to_index_1/hash_table/Const"
            }
        },
        {
            "ph": "s",
            "cat": "DataFlow",
            "name": "string_to_index/hash_table",
            "pid": 1,
            "tid": 2,
            "ts": 1538818698618576,
            "id": 44
        },
        {
            "ph": "t",
            "cat": "DataFlow",
            "name": "string_to_index/hash_table",
            "pid": 1,
            "tid": 3,
            "ts": 1538818698618711,
            "id": 44
        },
        {
            "ph": "s",
            "cat": "DataFlow",
            "name": "string_to_index_1/hash_table/Const",
            "pid": 1,
            "tid": 0,
            "ts": 1538818698618546,
            "id": 45
        },
        {
            "ph": "t",
            "cat": "DataFlow",
            "name": "string_to_index_1/hash_table/Const",
            "pid": 1,
            "tid": 3,
            "ts": 1538818698618711,
            "id": 45
        },
        {
            "ph": "X",
            "cat": "Op",
            "name": "Const",
            "pid": 1,
            "tid": 0,
            "ts": 1538818698618716,
            "dur": 4,
            "args": {
                "name": "StringSplit_19/_42__cf__42",
                "op": "Const"
            }
        },
        {
            "ph": "X",
            "cat": "Op",
            "name": "_Retval",
            "pid": 1,
            "tid": 1,
            "ts": 1538818698618720,
            "dur": 1,
            "args": {
                "name": "_retval_SparseToDense_7_0_39",
                "op": "_Retval",
                "input0": "SparseToDense_7"
            }
        },
        {
            "ph": "X",
            "cat": "Op",
            "name": "SparseToDense",
            "pid": 1,
            "tid": 2,
            "ts": 1538818698618715,
            "dur": 8,
            "args": {
                "name": "SparseToDense_31",
                "op": "SparseToDense",
                "input0": "StringSplit_16",
                "input1": "StringSplit_16:2",
                "input2": "hash_table_Lookup_16",
                "input3": "SparseToDense/default_value"
            }
        },
        {
            "ph": "s",
            "cat": "DataFlow",
            "name": "SparseToDense/default_value",
            "pid": 1,
            "tid": 0,
            "ts": 1538818698618552,
            "id": 46
        },
        {
            "ph": "t",
            "cat": "DataFlow",
            "name": "SparseToDense/default_value",
            "pid": 1,
            "tid": 2,
            "ts": 1538818698618715,
            "id": 46
        },
        {
            "ph": "X",
            "cat": "Op",
            "name": "LookupTableFindV2",
            "pid": 1,
            "tid": 4,
            "ts": 1538818698618718,
            "dur": 7,
            "args": {
                "name": "hash_table_Lookup_14",
                "op": "LookupTableFindV2",
                "input0": "string_to_index_1/hash_table",
                "input1": "StringSplit_18:1",
                "input2": "string_to_index_1/hash_table/Const"
            }
        },
        {
            "ph": "s",
            "cat": "DataFlow",
            "name": "string_to_index_1/hash_table",
            "pid": 1,
            "tid": 1,
            "ts": 1538818698618556,
            "id": 47
        },
        {
            "ph": "t",
            "cat": "DataFlow",
            "name": "string_to_index_1/hash_table",
            "pid": 1,
            "tid": 4,
            "ts": 1538818698618718,
            "id": 47
        },
        {
            "ph": "s",
            "cat": "DataFlow",
            "name": "string_to_index_1/hash_table/Const",
            "pid": 1,
            "tid": 0,
            "ts": 1538818698618546,
            "id": 48
        },
        {
            "ph": "t",
            "cat": "DataFlow",
            "name": "string_to_index_1/hash_table/Const",
            "pid": 1,
            "tid": 4,
            "ts": 1538818698618718,
            "id": 48
        },
        {
            "ph": "X",
            "cat": "Op",
            "name": "_Retval",
            "pid": 1,
            "tid": 0,
            "ts": 1538818698618725,
            "dur": 1,
            "args": {
                "name": "_retval_SparseToDense_31_0_24",
                "op": "_Retval",
                "input0": "SparseToDense_31"
            }
        },
        {
            "ph": "s",
            "cat": "DataFlow",
            "name": "SparseToDense_31",
            "pid": 1,
            "tid": 2,
            "ts": 1538818698618723,
            "id": 49
        },
        {
            "ph": "t",
            "cat": "DataFlow",
            "name": "SparseToDense_31",
            "pid": 1,
            "tid": 0,
            "ts": 1538818698618725,
            "id": 49
        },
        {
            "ph": "X",
            "cat": "Op",
            "name": "SparseToDense",
            "pid": 1,
            "tid": 3,
            "ts": 1538818698618720,
            "dur": 7,
            "args": {
                "name": "SparseToDense_2",
                "op": "SparseToDense",
                "input0": "StringSplit_18",
                "input1": "StringSplit_18:2",
                "input2": "hash_table_Lookup_2",
                "input3": "SparseToDense/default_value"
            }
        },
        {
            "ph": "s",
            "cat": "DataFlow",
            "name": "SparseToDense/default_value",
            "pid": 1,
            "tid": 0,
            "ts": 1538818698618552,
            "id": 50
        },
        {
            "ph": "t",
            "cat": "DataFlow",
            "name": "SparseToDense/default_value",
            "pid": 1,
            "tid": 3,
            "ts": 1538818698618720,
            "id": 50
        },
        {
            "ph": "X",
            "cat": "Op",
            "name": "Const",
            "pid": 1,
            "tid": 1,
            "ts": 1538818698618722,
            "dur": 7,
            "args": {
                "name": "StringSplit_19/_43__cf__43",
                "op": "Const"
            }
        },
        {
            "ph": "X",
            "cat": "Op",
            "name": "_Retval",
            "pid": 1,
            "tid": 0,
            "ts": 1538818698618729,
            "dur": 1,
            "args": {
                "name": "_retval_SparseToDense_2_0_22",
                "op": "_Retval",
                "input0": "SparseToDense_2"
            }
        },
        {
            "ph": "s",
            "cat": "DataFlow",
            "name": "SparseToDense_2",
            "pid": 1,
            "tid": 3,
            "ts": 1538818698618727,
            "id": 51
        },
        {
            "ph": "t",
            "cat": "DataFlow",
            "name": "SparseToDense_2",
            "pid": 1,
            "tid": 0,
            "ts": 1538818698618729,
            "id": 51
        },
        {
            "ph": "X",
            "cat": "Op",
            "name": "SparseToDense",
            "pid": 1,
            "tid": 2,
            "ts": 1538818698618727,
            "dur": 5,
            "args": {
                "name": "SparseToDense_26",
                "op": "SparseToDense",
                "input0": "StringSplit_18",
                "input1": "StringSplit_18:2",
                "input2": "hash_table_Lookup_14",
                "input3": "SparseToDense/default_value"
            }
        },
        {
            "ph": "s",
            "cat": "DataFlow",
            "name": "hash_table_Lookup_14",
            "pid": 1,
            "tid": 4,
            "ts": 1538818698618725,
            "id": 52
        },
        {
            "ph": "t",
            "cat": "DataFlow",
            "name": "hash_table_Lookup_14",
            "pid": 1,
            "tid": 2,
            "ts": 1538818698618727,
            "id": 52
        },
        {
            "ph": "s",
            "cat": "DataFlow",
            "name": "SparseToDense/default_value",
            "pid": 1,
            "tid": 0,
            "ts": 1538818698618552,
            "id": 53
        },
        {
            "ph": "t",
            "cat": "DataFlow",
            "name": "SparseToDense/default_value",
            "pid": 1,
            "tid": 2,
            "ts": 1538818698618727,
            "id": 53
        },
        {
            "ph": "X",
            "cat": "Op",
            "name": "_Retval",
            "pid": 1,
            "tid": 0,
            "ts": 1538818698618734,
            "dur": 1,
            "args": {
                "name": "_retval_SparseToDense_26_0_18",
                "op": "_Retval",
                "input0": "SparseToDense_26"
            }
        },
        {
            "ph": "s",
            "cat": "DataFlow",
            "name": "SparseToDense_26",
            "pid": 1,
            "tid": 2,
            "ts": 1538818698618732,
            "id": 54
        },
        {
            "ph": "t",
            "cat": "DataFlow",
            "name": "SparseToDense_26",
            "pid": 1,
            "tid": 0,
            "ts": 1538818698618734,
            "id": 54
        },
        {
            "ph": "X",
            "cat": "Op",
            "name": "LookupTableFindV2",
            "pid": 1,
            "tid": 1,
            "ts": 1538818698618734,
            "dur": 5,
            "args": {
                "name": "hash_table_Lookup_5",
                "op": "LookupTableFindV2",
                "input0": "string_to_index/hash_table",
                "input1": "StringSplit_19:1",
                "input2": "string_to_index_1/hash_table/Const"
            }
        },
        {
            "ph": "s",
            "cat": "DataFlow",
            "name": "string_to_index/hash_table",
            "pid": 1,
            "tid": 2,
            "ts": 1538818698618576,
            "id": 55
        },
        {
            "ph": "t",
            "cat": "DataFlow",
            "name": "string_to_index/hash_table",
            "pid": 1,
            "tid": 1,
            "ts": 1538818698618734,
            "id": 55
        },
        {
            "ph": "s",
            "cat": "DataFlow",
            "name": "string_to_index_1/hash_table/Const",
            "pid": 1,
            "tid": 0,
            "ts": 1538818698618546,
            "id": 56
        },
        {
            "ph": "t",
            "cat": "DataFlow",
            "name": "string_to_index_1/hash_table/Const",
            "pid": 1,
            "tid": 1,
            "ts": 1538818698618734,
            "id": 56
        },
        {
            "ph": "X",
            "cat": "Op",
            "name": "Const",
            "pid": 1,
            "tid": 0,
            "ts": 1538818698618738,
            "dur": 6,
            "args": {
                "name": "StringSplit_19/_44__cf__44",
                "op": "Const"
            }
        },
        {
            "ph": "X",
            "cat": "Op",
            "name": "LookupTableFindV2",
            "pid": 1,
            "tid": 3,
            "ts": 1538818698618731,
            "dur": 9,
            "args": {
                "name": "hash_table_Lookup_17",
                "op": "LookupTableFindV2",
                "input0": "string_to_index_1/hash_table",
                "input1": "StringSplit_19:1",
                "input2": "string_to_index_1/hash_table/Const"
            }
        },
        {
            "ph": "s",
            "cat": "DataFlow",
            "name": "string_to_index_1/hash_table",
            "pid": 1,
            "tid": 1,
            "ts": 1538818698618556,
            "id": 57
        },
        {
            "ph": "t",
            "cat": "DataFlow",
            "name": "string_to_index_1/hash_table",
            "pid": 1,
            "tid": 3,
            "ts": 1538818698618731,
            "id": 57
        },
        {
            "ph": "s",
            "cat": "DataFlow",
            "name": "string_to_index_1/hash_table/Const",
            "pid": 1,
            "tid": 0,
            "ts": 1538818698618546,
            "id": 58
        },
        {
            "ph": "t",
            "cat": "DataFlow",
            "name": "string_to_index_1/hash_table/Const",
            "pid": 1,
            "tid": 3,
            "ts": 1538818698618731,
            "id": 58
        },
        {
            "ph": "X",
            "cat": "Op",
            "name": "Const",
            "pid": 1,
            "tid": 0,
            "ts": 1538818698618752,
            "dur": 3,
            "args": {
                "name": "StringSplit_2/_45__cf__45",
                "op": "Const"
            }
        },
        {
            "ph": "X",
            "cat": "Op",
            "name": "SparseToDense",
            "pid": 1,
            "tid": 1,
            "ts": 1538818698618748,
            "dur": 8,
            "args": {
                "name": "SparseToDense_32",
                "op": "SparseToDense",
                "input0": "StringSplit_19",
                "input1": "StringSplit_19:2",
                "input2": "hash_table_Lookup_17",
                "input3": "SparseToDense/default_value"
            }
        },
        {
            "ph": "s",
            "cat": "DataFlow",
            "name": "hash_table_Lookup_17",
            "pid": 1,
            "tid": 3,
            "ts": 1538818698618740,
            "id": 59
        },
        {
            "ph": "t",
            "cat": "DataFlow",
            "name": "hash_table_Lookup_17",
            "pid": 1,
            "tid": 1,
            "ts": 1538818698618748,
            "id": 59
        },
        {
            "ph": "s",
            "cat": "DataFlow",
            "name": "SparseToDense/default_value",
            "pid": 1,
            "tid": 0,
            "ts": 1538818698618552,
            "id": 60
        },
        {
            "ph": "t",
            "cat": "DataFlow",
            "name": "SparseToDense/default_value",
            "pid": 1,
            "tid": 1,
            "ts": 1538818698618748,
            "id": 60
        },
        {
            "ph": "X",
            "cat": "Op",
            "name": "_Retval",
            "pid": 1,
            "tid": 0,
            "ts": 1538818698618758,
            "dur": 1,
            "args": {
                "name": "_retval_SparseToDense_32_0_25",
                "op": "_Retval",
                "input0": "SparseToDense_32"
            }
        },
        {
            "ph": "s",
            "cat": "DataFlow",
            "name": "SparseToDense_32",
            "pid": 1,
            "tid": 1,
            "ts": 1538818698618756,
            "id": 61
        },
        {
            "ph": "t",
            "cat": "DataFlow",
            "name": "SparseToDense_32",
            "pid": 1,
            "tid": 0,
            "ts": 1538818698618758,
            "id": 61
        },
        {
            "ph": "X",
            "cat": "Op",
            "name": "SparseToDense",
            "pid": 1,
            "tid": 2,
            "ts": 1538818698618751,
            "dur": 8,
            "args": {
                "name": "SparseToDense_8",
                "op": "SparseToDense",
                "input0": "StringSplit_19",
                "input1": "StringSplit_19:2",
                "input2": "hash_table_Lookup_5",
                "input3": "SparseToDense/default_value"
            }
        },
        {
            "ph": "s",
            "cat": "DataFlow",
            "name": "hash_table_Lookup_5",
            "pid": 1,
            "tid": 1,
            "ts": 1538818698618739,
            "id": 62
        },
        {
            "ph": "t",
            "cat": "DataFlow",
            "name": "hash_table_Lookup_5",
            "pid": 1,
            "tid": 2,
            "ts": 1538818698618751,
            "id": 62
        },
        {
            "ph": "s",
            "cat": "DataFlow",
            "name": "SparseToDense/default_value",
            "pid": 1,
            "tid": 0,
            "ts": 1538818698618552,
            "id": 63
        },
        {
            "ph": "t",
            "cat": "DataFlow",
            "name": "SparseToDense/default_value",
            "pid": 1,
            "tid": 2,
            "ts": 1538818698618751,
            "id": 63
        },
        {
            "ph": "X",
            "cat": "Op",
            "name": "_Retval",
            "pid": 1,
            "tid": 0,
            "ts": 1538818698618761,
            "dur": 1,
            "args": {
                "name": "_retval_SparseToDense_8_0_40",
                "op": "_Retval",
                "input0": "SparseToDense_8"
            }
        },
        {
            "ph": "s",
            "cat": "DataFlow",
            "name": "SparseToDense_8",
            "pid": 1,
            "tid": 2,
            "ts": 1538818698618759,
            "id": 64
        },
        {
            "ph": "t",
            "cat": "DataFlow",
            "name": "SparseToDense_8",
            "pid": 1,
            "tid": 0,
            "ts": 1538818698618761,
            "id": 64
        },
        {
            "ph": "X",
            "cat": "Op",
            "name": "LookupTableFindV2",
            "pid": 1,
            "tid": 1,
            "ts": 1538818698618759,
            "dur": 7,
            "args": {
                "name": "hash_table_Lookup_6",
                "op": "LookupTableFindV2",
                "input0": "string_to_index/hash_table",
                "input1": "StringSplit_2:1",
                "input2": "string_to_index_1/hash_table/Const"
            }
        },
        {
            "ph": "s",
            "cat": "DataFlow",
            "name": "string_to_index/hash_table",
            "pid": 1,
            "tid": 2,
            "ts": 1538818698618576,
            "id": 65
        },
        {
            "ph": "t",
            "cat": "DataFlow",
            "name": "string_to_index/hash_table",
            "pid": 1,
            "tid": 1,
            "ts": 1538818698618759,
            "id": 65
        },
        {
            "ph": "s",
            "cat": "DataFlow",
            "name": "string_to_index_1/hash_table/Const",
            "pid": 1,
            "tid": 0,
            "ts": 1538818698618546,
            "id": 66
        },
        {
            "ph": "t",
            "cat": "DataFlow",
            "name": "string_to_index_1/hash_table/Const",
            "pid": 1,
            "tid": 1,
            "ts": 1538818698618759,
            "id": 66
        },
        {
            "ph": "X",
            "cat": "Op",
            "name": "LookupTableFindV2",
            "pid": 1,
            "tid": 2,
            "ts": 1538818698618761,
            "dur": 6,
            "args": {
                "name": "hash_table_Lookup_18",
                "op": "LookupTableFindV2",
                "input0": "string_to_index_1/hash_table",
                "input1": "StringSplit_2:1",
                "input2": "string_to_index_1/hash_table/Const"
            }
        },
        {
            "ph": "s",
            "cat": "DataFlow",
            "name": "string_to_index_1/hash_table",
            "pid": 1,
            "tid": 1,
            "ts": 1538818698618556,
            "id": 67
        },
        {
            "ph": "t",
            "cat": "DataFlow",
            "name": "string_to_index_1/hash_table",
            "pid": 1,
            "tid": 2,
            "ts": 1538818698618761,
            "id": 67
        },
        {
            "ph": "s",
            "cat": "DataFlow",
            "name": "string_to_index_1/hash_table/Const",
            "pid": 1,
            "tid": 0,
            "ts": 1538818698618546,
            "id": 68
        },
        {
            "ph": "t",
            "cat": "DataFlow",
            "name": "string_to_index_1/hash_table/Const",
            "pid": 1,
            "tid": 2,
            "ts": 1538818698618761,
            "id": 68
        },
        {
            "ph": "X",
            "cat": "Op",
            "name": "Const",
            "pid": 1,
            "tid": 0,
            "ts": 1538818698618763,
            "dur": 10,
            "args": {
                "name": "StringSplit_3/_48__cf__48",
                "op": "Const"
            }
        },
        {
            "ph": "X",
            "cat": "Op",
            "name": "Const",
            "pid": 1,
            "tid": 0,
            "ts": 1538818698618775,
            "dur": 2,
            "args": {
                "name": "StringSplit_3/_49__cf__49",
                "op": "Const"
            }
        },
        {
            "ph": "X",
            "cat": "Op",
            "name": "Const",
            "pid": 1,
            "tid": 0,
            "ts": 1538818698618778,
            "dur": 2,
            "args": {
                "name": "StringSplit_3/_50__cf__50",
                "op": "Const"
            }
        },
        {
            "ph": "X",
            "cat": "Op",
            "name": "Const",
            "pid": 1,
            "tid": 0,
            "ts": 1538818698618783,
            "dur": 2,
            "args": {
                "name": "StringSplit_6/_51__cf__51",
                "op": "Const"
            }
        },
        {
            "ph": "X",
            "cat": "Op",
            "name": "LookupTableFindV2",
            "pid": 1,
            "tid": 1,
            "ts": 1538818698618782,
            "dur": 7,
            "args": {
                "name": "hash_table_Lookup_9",
                "op": "LookupTableFindV2",
                "input0": "string_to_index/hash_table",
                "input1": "StringSplit_3:1",
                "input2": "string_to_index_1/hash_table/Const"
            }
        },
        {
            "ph": "s",
            "cat": "DataFlow",
            "name": "string_to_index/hash_table",
            "pid": 1,
            "tid": 2,
            "ts": 1538818698618576,
            "id": 69
        },
        {
            "ph": "t",
            "cat": "DataFlow",
            "name": "string_to_index/hash_table",
            "pid": 1,
            "tid": 1,
            "ts": 1538818698618782,
            "id": 69
        },
        {
            "ph": "s",
            "cat": "DataFlow",
            "name": "string_to_index_1/hash_table/Const",
            "pid": 1,
            "tid": 0,
            "ts": 1538818698618546,
            "id": 70
        },
        {
            "ph": "t",
            "cat": "DataFlow",
            "name": "string_to_index_1/hash_table/Const",
            "pid": 1,
            "tid": 1,
            "ts": 1538818698618782,
            "id": 70
        },
        {
            "ph": "X",
            "cat": "Op",
            "name": "Const",
            "pid": 1,
            "tid": 0,
            "ts": 1538818698618790,
            "dur": 4,
            "args": {
                "name": "StringSplit_6/_52__cf__52",
                "op": "Const"
            }
        },
        {
            "ph": "X",
            "cat": "Op",
            "name": "Const",
            "pid": 1,
            "tid": 0,
            "ts": 1538818698618795,
            "dur": 3,
            "args": {
                "name": "StringSplit_6/_53__cf__53",
                "op": "Const"
            }
        },
        {
            "ph": "X",
            "cat": "Op",
            "name": "SparseToDense",
            "pid": 1,
            "tid": 1,
            "ts": 1538818698618791,
            "dur": 7,
            "args": {
                "name": "SparseToDense_18",
                "op": "SparseToDense",
                "input0": "StringSplit_3",
                "input1": "StringSplit_3:2",
                "input2": "hash_table_Lookup_9",
                "input3": "SparseToDense/default_value"
            }
        },
        {
            "ph": "s",
            "cat": "DataFlow",
            "name": "SparseToDense/default_value",
            "pid": 1,
            "tid": 0,
            "ts": 1538818698618552,
            "id": 71
        },
        {
            "ph": "t",
            "cat": "DataFlow",
            "name": "SparseToDense/default_value",
            "pid": 1,
            "tid": 1,
            "ts": 1538818698618791,
            "id": 71
        },
        {
            "ph": "X",
            "cat": "Op",
            "name": "LookupTableFindV2",
            "pid": 1,
            "tid": 2,
            "ts": 1538818698618793,
            "dur": 6,
            "args": {
                "name": "hash_table_Lookup_7",
                "op": "LookupTableFindV2",
                "input0": "string_to_index/hash_table",
                "input1": "StringSplit_6:1",
                "input2": "string_to_index_1/hash_table/Const"
            }
        },
        {
            "ph": "s",
            "cat": "DataFlow",
            "name": "string_to_index_1/hash_table/Const",
            "pid": 1,
            "tid": 0,
            "ts": 1538818698618546,
            "id": 72
        },
        {
            "ph": "t",
            "cat": "DataFlow",
            "name": "string_to_index_1/hash_table/Const",
            "pid": 1,
            "tid": 2,
            "ts": 1538818698618793,
            "id": 72
        },
        {
            "ph": "X",
            "cat": "Op",
            "name": "_Retval",
            "pid": 1,
            "tid": 0,
            "ts": 1538818698618800,
            "dur": 1,
            "args": {
                "name": "_retval_SparseToDense_18_0_9",
                "op": "_Retval",
                "input0": "SparseToDense_18"
            }
        },
        {
            "ph": "s",
            "cat": "DataFlow",
            "name": "SparseToDense_18",
            "pid": 1,
            "tid": 1,
            "ts": 1538818698618798,
            "id": 73
        },
        {
            "ph": "t",
            "cat": "DataFlow",
            "name": "SparseToDense_18",
            "pid": 1,
            "tid": 0,
            "ts": 1538818698618800,
            "id": 73
        },
        {
            "ph": "X",
            "cat": "Op",
            "name": "LookupTableFindV2",
            "pid": 1,
            "tid": 3,
            "ts": 1538818698618794,
            "dur": 12,
            "args": {
                "name": "hash_table_Lookup_19",
                "op": "LookupTableFindV2",
                "input0": "string_to_index_1/hash_table",
                "input1": "StringSplit_6:1",
                "input2": "string_to_index_1/hash_table/Const"
            }
        },
        {
            "ph": "s",
            "cat": "DataFlow",
            "name": "string_to_index_1/hash_table",
            "pid": 1,
            "tid": 1,
            "ts": 1538818698618556,
            "id": 74
        },
        {
            "ph": "t",
            "cat": "DataFlow",
            "name": "string_to_index_1/hash_table",
            "pid": 1,
            "tid": 3,
            "ts": 1538818698618794,
            "id": 74
        },
        {
            "ph": "s",
            "cat": "DataFlow",
            "name": "string_to_index_1/hash_table/Const",
            "pid": 1,
            "tid": 0,
            "ts": 1538818698618546,
            "id": 75
        },
        {
            "ph": "t",
            "cat": "DataFlow",
            "name": "string_to_index_1/hash_table/Const",
            "pid": 1,
            "tid": 3,
            "ts": 1538818698618794,
            "id": 75
        },
        {
            "ph": "X",
            "cat": "Op",
            "name": "Const",
            "pid": 1,
            "tid": 0,
            "ts": 1538818698618807,
            "dur": 3,
            "args": {
                "name": "StringSplit_7/_54__cf__54",
                "op": "Const"
            }
        },
        {
            "ph": "X",
            "cat": "Op",
            "name": "SparseToDense",
            "pid": 1,
            "tid": 1,
            "ts": 1538818698618801,
            "dur": 12,
            "args": {
                "name": "SparseToDense_13",
                "op": "SparseToDense",
                "input0": "StringSplit_6",
                "input1": "StringSplit_6:2",
                "input2": "hash_table_Lookup_7",
                "input3": "SparseToDense/default_value"
            }
        },
        {
            "ph": "s",
            "cat": "DataFlow",
            "name": "hash_table_Lookup_7",
            "pid": 1,
            "tid": 2,
            "ts": 1538818698618799,
            "id": 76
        },
        {
            "ph": "t",
            "cat": "DataFlow",
            "name": "hash_table_Lookup_7",
            "pid": 1,
            "tid": 1,
            "ts": 1538818698618801,
            "id": 76
        },
        {
            "ph": "s",
            "cat": "DataFlow",
            "name": "SparseToDense/default_value",
            "pid": 1,
            "tid": 0,
            "ts": 1538818698618552,
            "id": 77
        },
        {
            "ph": "t",
            "cat": "DataFlow",
            "name": "SparseToDense/default_value",
            "pid": 1,
            "tid": 1,
            "ts": 1538818698618801,
            "id": 77
        },
        {
            "ph": "X",
            "cat": "Op",
            "name": "_Retval",
            "pid": 1,
            "tid": 0,
            "ts": 1538818698618815,
            "dur": 1,
            "args": {
                "name": "_retval_SparseToDense_10_0_1",
                "op": "_Retval",
                "input0": "SparseToDense_10"
            }
        },
        {
            "ph": "X",
            "cat": "Op",
            "name": "_Retval",
            "pid": 1,
            "tid": 1,
            "ts": 1538818698618815,
            "dur": 1,
            "args": {
                "name": "_retval_SparseToDense_13_0_4",
                "op": "_Retval",
                "input0": "SparseToDense_13"
            }
        },
        {
            "ph": "X",
            "cat": "Op",
            "name": "SparseToDense",
            "pid": 1,
            "tid": 2,
            "ts": 1538818698618808,
            "dur": 8,
            "args": {
                "name": "SparseToDense_37",
                "op": "SparseToDense",
                "input0": "StringSplit_6",
                "input1": "StringSplit_6:2",
                "input2": "hash_table_Lookup_19",
                "input3": "SparseToDense/default_value"
            }
        },
        {
            "ph": "s",
            "cat": "DataFlow",
            "name": "hash_table_Lookup_19",
            "pid": 1,
            "tid": 3,
            "ts": 1538818698618806,
            "id": 78
        },
        {
            "ph": "t",
            "cat": "DataFlow",
            "name": "hash_table_Lookup_19",
            "pid": 1,
            "tid": 2,
            "ts": 1538818698618808,
            "id": 78
        },
        {
            "ph": "s",
            "cat": "DataFlow",
            "name": "SparseToDense/default_value",
            "pid": 1,
            "tid": 0,
            "ts": 1538818698618552,
            "id": 79
        },
        {
            "ph": "t",
            "cat": "DataFlow",
            "name": "SparseToDense/default_value",
            "pid": 1,
            "tid": 2,
            "ts": 1538818698618808,
            "id": 79
        },
        {
            "ph": "X",
            "cat": "Op",
            "name": "_Retval",
            "pid": 1,
            "tid": 0,
            "ts": 1538818698618817,
            "dur": 1,
            "args": {
                "name": "_retval_SparseToDense_34_0_27",
                "op": "_Retval",
                "input0": "SparseToDense_34"
            }
        },
        {
            "ph": "X",
            "cat": "Op",
            "name": "_Retval",
            "pid": 1,
            "tid": 1,
            "ts": 1538818698618818,
            "dur": 1,
            "args": {
                "name": "_retval_SparseToDense_37_0_30",
                "op": "_Retval",
                "input0": "SparseToDense_37"
            }
        },
        {
            "ph": "s",
            "cat": "DataFlow",
            "name": "SparseToDense_37",
            "pid": 1,
            "tid": 2,
            "ts": 1538818698618816,
            "id": 80
        },
        {
            "ph": "t",
            "cat": "DataFlow",
            "name": "SparseToDense_37",
            "pid": 1,
            "tid": 1,
            "ts": 1538818698618818,
            "id": 80
        },
        {
            "ph": "X",
            "cat": "Op",
            "name": "_Retval",
            "pid": 1,
            "tid": 0,
            "ts": 1538818698618819,
            "dur": 1,
            "args": {
                "name": "_retval_SparseToDense_11_0_2",
                "op": "_Retval",
                "input0": "SparseToDense_11"
            }
        },
        {
            "ph": "X",
            "cat": "Op",
            "name": "LookupTableFindV2",
            "pid": 1,
            "tid": 3,
            "ts": 1538818698618813,
            "dur": 8,
            "args": {
                "name": "hash_table_Lookup_10",
                "op": "LookupTableFindV2",
                "input0": "string_to_index/hash_table",
                "input1": "StringSplit_7:1",
                "input2": "string_to_index_1/hash_table/Const"
            }
        },
        {
            "ph": "s",
            "cat": "DataFlow",
            "name": "string_to_index/hash_table",
            "pid": 1,
            "tid": 2,
            "ts": 1538818698618576,
            "id": 81
        },
        {
            "ph": "t",
            "cat": "DataFlow",
            "name": "string_to_index/hash_table",
            "pid": 1,
            "tid": 3,
            "ts": 1538818698618813,
            "id": 81
        },
        {
            "ph": "s",
            "cat": "DataFlow",
            "name": "string_to_index_1/hash_table/Const",
            "pid": 1,
            "tid": 0,
            "ts": 1538818698618546,
            "id": 82
        },
        {
            "ph": "t",
            "cat": "DataFlow",
            "name": "string_to_index_1/hash_table/Const",
            "pid": 1,
            "tid": 3,
            "ts": 1538818698618813,
            "id": 82
        },
        {
            "ph": "X",
            "cat": "Op",
            "name": "_Retval",
            "pid": 1,
            "tid": 0,
            "ts": 1538818698618821,
            "dur": 1,
            "args": {
                "name": "_retval_SparseToDense_35_0_28",
                "op": "_Retval",
                "input0": "SparseToDense_35"
            }
        },
        {
            "ph": "X",
            "cat": "Op",
            "name": "_Retval",
            "pid": 1,
            "tid": 0,
            "ts": 1538818698618823,
            "dur": 1,
            "args": {
                "name": "_retval_SparseToDense_15_0_6",
                "op": "_Retval",
                "input0": "SparseToDense_15"
            }
        },
        {
            "ph": "X",
            "cat": "Op",
            "name": "_Retval",
            "pid": 1,
            "tid": 0,
            "ts": 1538818698618825,
            "dur": 1,
            "args": {
                "name": "_retval_SparseToDense_39_0_32",
                "op": "_Retval",
                "input0": "SparseToDense_39"
            }
        },
        {
            "ph": "X",
            "cat": "Op",
            "name": "_Retval",
            "pid": 1,
            "tid": 0,
            "ts": 1538818698618827,
            "dur": 0,
            "args": {
                "name": "_retval_SparseToDense_16_0_7",
                "op": "_Retval",
                "input0": "SparseToDense_16"
            }
        },
        {
            "ph": "X",
            "cat": "Op",
            "name": "_Retval",
            "pid": 1,
            "tid": 0,
            "ts": 1538818698618828,
            "dur": 1,
            "args": {
                "name": "_retval_SparseToDense_40_0_34",
                "op": "_Retval",
                "input0": "SparseToDense_40"
            }
        },
        {
            "ph": "X",
            "cat": "Op",
            "name": "SparseToDense",
            "pid": 1,
            "tid": 1,
            "ts": 1538818698618823,
            "dur": 6,
            "args": {
                "name": "SparseToDense_19",
                "op": "SparseToDense",
                "input0": "StringSplit_7",
                "input1": "StringSplit_7:2",
                "input2": "hash_table_Lookup_10",
                "input3": "SparseToDense/default_value"
            }
        },
        {
            "ph": "s",
            "cat": "DataFlow",
            "name": "hash_table_Lookup_10",
            "pid": 1,
            "tid": 3,
            "ts": 1538818698618821,
            "id": 83
        },
        {
            "ph": "t",
            "cat": "DataFlow",
            "name": "hash_table_Lookup_10",
            "pid": 1,
            "tid": 1,
            "ts": 1538818698618823,
            "id": 83
        },
        {
            "ph": "s",
            "cat": "DataFlow",
            "name": "SparseToDense/default_value",
            "pid": 1,
            "tid": 0,
            "ts": 1538818698618552,
            "id": 84
        },
        {
            "ph": "t",
            "cat": "DataFlow",
            "name": "SparseToDense/default_value",
            "pid": 1,
            "tid": 1,
            "ts": 1538818698618823,
            "id": 84
        },
        {
            "ph": "X",
            "cat": "Op",
            "name": "_Retval",
            "pid": 1,
            "tid": 0,
            "ts": 1538818698618830,
            "dur": 1,
            "args": {
                "name": "_retval_SparseToDense_17_0_8",
                "op": "_Retval",
                "input0": "SparseToDense_17"
            }
        },
        {
            "ph": "X",
            "cat": "Op",
            "name": "_Retval",
            "pid": 1,
            "tid": 0,
            "ts": 1538818698618832,
            "dur": 0,
            "args": {
                "name": "_retval_SparseToDense_19_0_10",
                "op": "_Retval",
                "input0": "SparseToDense_19"
            }
        },
        {
            "ph": "s",
            "cat": "DataFlow",
            "name": "SparseToDense_19",
            "pid": 1,
            "tid": 1,
            "ts": 1538818698618829,
            "id": 85
        },
        {
            "ph": "t",
            "cat": "DataFlow",
            "name": "SparseToDense_19",
            "pid": 1,
            "tid": 0,
            "ts": 1538818698618832,
            "id": 85
        },
        {
            "ph": "X",
            "cat": "Op",
            "name": "_Retval",
            "pid": 1,
            "tid": 1,
            "ts": 1538818698618832,
            "dur": 1,
            "args": {
                "name": "_retval_SparseToDense_41_0_35",
                "op": "_Retval",
                "input0": "SparseToDense_41"
            }
        },
        {
            "ph": "X",
            "cat": "Op",
            "name": "_Retval",
            "pid": 1,
            "tid": 0,
            "ts": 1538818698618834,
            "dur": 1,
            "args": {
                "name": "_retval_SparseToDense_21_0_13",
                "op": "_Retval",
                "input0": "SparseToDense_21"
            }
        },
        {
            "ph": "X",
            "cat": "Op",
            "name": "_Retval",
            "pid": 1,
            "tid": 0,
            "ts": 1538818698618836,
            "dur": 0,
            "args": {
                "name": "_retval_SparseToDense_22_0_14",
                "op": "_Retval",
                "input0": "SparseToDense_22"
            }
        },
        {
            "ph": "X",
            "cat": "Op",
            "name": "_Retval",
            "pid": 1,
            "tid": 0,
            "ts": 1538818698618837,
            "dur": 1,
            "args": {
                "name": "_retval_SparseToDense_23_0_15",
                "op": "_Retval",
                "input0": "SparseToDense_23"
            }
        },
        {
            "ph": "X",
            "cat": "Op",
            "name": "_Retval",
            "pid": 1,
            "tid": 1,
            "ts": 1538818698618838,
            "dur": 1,
            "args": {
                "name": "_retval_SparseToDense_27_0_19",
                "op": "_Retval",
                "input0": "SparseToDense_27"
            }
        },
        {
            "ph": "X",
            "cat": "Op",
            "name": "_Retval",
            "pid": 1,
            "tid": 0,
            "ts": 1538818698618840,
            "dur": 0,
            "args": {
                "name": "_retval_SparseToDense_3_0_33",
                "op": "_Retval",
                "input0": "SparseToDense_3"
            }
        },
        {
            "ph": "X",
            "cat": "Op",
            "name": "SparseToDense",
            "pid": 1,
            "tid": 2,
            "ts": 1538818698618819,
            "dur": 19,
            "args": {
                "name": "SparseToDense_36",
                "op": "SparseToDense",
                "input0": "StringSplit_2",
                "input1": "StringSplit_2:2",
                "input2": "hash_table_Lookup_18",
                "input3": "SparseToDense/default_value"
            }
        },
        {
            "ph": "s",
            "cat": "DataFlow",
            "name": "SparseToDense/default_value",
            "pid": 1,
            "tid": 0,
            "ts": 1538818698618552,
            "id": 86
        },
        {
            "ph": "t",
            "cat": "DataFlow",
            "name": "SparseToDense/default_value",
            "pid": 1,
            "tid": 2,
            "ts": 1538818698618819,
            "id": 86
        },
        {
            "ph": "X",
            "cat": "Op",
            "name": "_Retval",
            "pid": 1,
            "tid": 0,
            "ts": 1538818698618841,
            "dur": 0,
            "args": {
                "name": "_retval_SparseToDense_28_0_20",
                "op": "_Retval",
                "input0": "SparseToDense_28"
            }
        },
        {
            "ph": "X",
            "cat": "Op",
            "name": "_Retval",
            "pid": 1,
            "tid": 0,
            "ts": 1538818698618842,
            "dur": 1,
            "args": {
                "name": "_retval_SparseToDense_4_0_36",
                "op": "_Retval",
                "input0": "SparseToDense_4"
            }
        },
        {
            "ph": "X",
            "cat": "Op",
            "name": "SparseToDense",
            "pid": 1,
            "tid": 4,
            "ts": 1538818698618810,
            "dur": 31,
            "args": {
                "name": "SparseToDense_12",
                "op": "SparseToDense",
                "input0": "StringSplit_2",
                "input1": "StringSplit_2:2",
                "input2": "hash_table_Lookup_6",
                "input3": "SparseToDense/default_value"
            }
        },
        {
            "ph": "s",
            "cat": "DataFlow",
            "name": "hash_table_Lookup_6",
            "pid": 1,
            "tid": 1,
            "ts": 1538818698618766,
            "id": 87
        },
        {
            "ph": "t",
            "cat": "DataFlow",
            "name": "hash_table_Lookup_6",
            "pid": 1,
            "tid": 4,
            "ts": 1538818698618810,
            "id": 87
        },
        {
            "ph": "s",
            "cat": "DataFlow",
            "name": "SparseToDense/default_value",
            "pid": 1,
            "tid": 0,
            "ts": 1538818698618552,
            "id": 88
        },
        {
            "ph": "t",
            "cat": "DataFlow",
            "name": "SparseToDense/default_value",
            "pid": 1,
            "tid": 4,
            "ts": 1538818698618810,
            "id": 88
        },
        {
            "ph": "X",
            "cat": "Op",
            "name": "_Retval",
            "pid": 1,
            "tid": 1,
            "ts": 1538818698618843,
            "dur": 1,
            "args": {
                "name": "_retval_SparseToDense_29_0_21",
                "op": "_Retval",
                "input0": "SparseToDense_29"
            }
        },
        {
            "ph": "X",
            "cat": "Op",
            "name": "_Retval",
            "pid": 1,
            "tid": 2,
            "ts": 1538818698618842,
            "dur": 2,
            "args": {
                "name": "_retval_SparseToDense_36_0_29",
                "op": "_Retval",
                "input0": "SparseToDense_36"
            }
        },
        {
            "ph": "X",
            "cat": "Op",
            "name": "_Retval",
            "pid": 1,
            "tid": 0,
            "ts": 1538818698618845,
            "dur": 0,
            "args": {
                "name": "_retval_SparseToDense_5_0_37",
                "op": "_Retval",
                "input0": "SparseToDense_5"
            }
        },
        {
            "ph": "X",
            "cat": "Op",
            "name": "_Retval",
            "pid": 1,
            "tid": 3,
            "ts": 1538818698618844,
            "dur": 2,
            "args": {
                "name": "_retval_SparseToDense_12_0_3",
                "op": "_Retval",
                "input0": "SparseToDense_12"
            }
        },
        {
            "ph": "s",
            "cat": "DataFlow",
            "name": "SparseToDense_12",
            "pid": 1,
            "tid": 4,
            "ts": 1538818698618841,
            "id": 89
        },
        {
            "ph": "t",
            "cat": "DataFlow",
            "name": "SparseToDense_12",
            "pid": 1,
            "tid": 3,
            "ts": 1538818698618844,
            "id": 89
        },
        {
            "ph": "X",
            "cat": "Op",
            "name": "_Retval",
            "pid": 1,
            "tid": 0,
            "ts": 1538818698618849,
            "dur": 1,
            "args": {
                "name": "_retval_SparseToDense_33_0_26",
                "op": "_Retval",
                "input0": "SparseToDense_33"
            }
        },
        {
            "ph": "X",
            "cat": "Op",
            "name": "_Retval",
            "pid": 1,
            "tid": 0,
            "ts": 1538818698618852,
            "dur": 2,
            "args": {
                "name": "_retval_SparseToDense_9_0_41",
                "op": "_Retval",
                "input0": "SparseToDense_9"
            }
        }
    ]
}