{
    "traceEvents": [
        {
            "name": "process_name",
            "ph": "M",
            "pid": 0,
            "args": {
                "name": "Allocators"
            }
        },
        {
            "name": "process_name",
            "ph": "M",
            "pid": 1,
            "args": {
                "name": "/job:localhost/replica:0/task:0/device:CPU:0 Compute"
            }
        },
        {
            "name": "process_name",
            "ph": "M",
            "pid": 2,
            "args": {
                "name": "/job:localhost/replica:0/task:0/device:CPU:0 Tensors"
            }
        },
        {
            "ph": "X",
            "cat": "Op",
            "name": "NoOp",
            "pid": 1,
            "tid": 0,
            "ts": 1538477793513126,
            "dur": 8,
            "args": {
                "name": "_SOURCE",
                "op": "NoOp"
            }
        },
        {
            "ph": "X",
            "cat": "Op",
            "name": "Const",
            "pid": 1,
            "tid": 0,
            "ts": 1538477793513448,
            "dur": 16,
            "args": {
                "name": "string_to_index_1/hash_table/Const",
                "op": "Const"
            }
        },
        {
            "ph": "X",
            "cat": "Op",
            "name": "Const",
            "pid": 1,
            "tid": 0,
            "ts": 1538477793513467,
            "dur": 4,
            "args": {
                "name": "SparseToDense/default_value",
                "op": "Const"
            }
        },
        {
            "ph": "X",
            "cat": "Op",
            "name": "Const",
            "pid": 1,
            "tid": 0,
            "ts": 1538477793513473,
            "dur": 4,
            "args": {
                "name": "SparseToDense_10/_0__cf__0",
                "op": "Const"
            }
        },
        {
            "ph": "X",
            "cat": "Op",
            "name": "HashTableV2",
            "pid": 1,
            "tid": 1,
            "ts": 1538477793513455,
            "dur": 27,
            "args": {
                "name": "string_to_index_1/hash_table",
                "op": "HashTableV2"
            }
        },
        {
            "ph": "X",
            "cat": "Op",
            "name": "HashTableV2",
            "pid": 1,
            "tid": 2,
            "ts": 1538477793513460,
            "dur": 42,
            "args": {
                "name": "string_to_index/hash_table",
                "op": "HashTableV2"
            }
        },
        {
            "ph": "X",
            "cat": "Op",
            "name": "Const",
            "pid": 1,
            "tid": 0,
            "ts": 1538477793513479,
            "dur": 31,
            "args": {
                "name": "SparseToDense_11/_1__cf__1",
                "op": "Const"
            }
        },
        {
            "ph": "X",
            "cat": "Op",
            "name": "Const",
            "pid": 1,
            "tid": 0,
            "ts": 1538477793513514,
            "dur": 5,
            "args": {
                "name": "SparseToDense_15/_2__cf__2",
                "op": "Const"
            }
        },
        {
            "ph": "X",
            "cat": "Op",
            "name": "Const",
            "pid": 1,
            "tid": 0,
            "ts": 1538477793513520,
            "dur": 3,
            "args": {
                "name": "SparseToDense_16/_3__cf__3",
                "op": "Const"
            }
        },
        {
            "ph": "X",
            "cat": "Op",
            "name": "Const",
            "pid": 1,
            "tid": 0,
            "ts": 1538477793513525,
            "dur": 3,
            "args": {
                "name": "SparseToDense_17/_4__cf__4",
                "op": "Const"
            }
        },
        {
            "ph": "X",
            "cat": "Op",
            "name": "Const",
            "pid": 1,
            "tid": 0,
            "ts": 1538477793513529,
            "dur": 2,
            "args": {
                "name": "SparseToDense_21/_5__cf__5",
                "op": "Const"
            }
        },
        {
            "ph": "X",
            "cat": "Op",
            "name": "Const",
            "pid": 1,
            "tid": 0,
            "ts": 1538477793513533,
            "dur": 2,
            "args": {
                "name": "SparseToDense_22/_6__cf__6",
                "op": "Const"
            }
        },
        {
            "ph": "X",
            "cat": "Op",
            "name": "Const",
            "pid": 1,
            "tid": 0,
            "ts": 1538477793513536,
            "dur": 3,
            "args": {
                "name": "SparseToDense_23/_7__cf__7",
                "op": "Const"
            }
        },
        {
            "ph": "X",
            "cat": "Op",
            "name": "Const",
            "pid": 1,
            "tid": 0,
            "ts": 1538477793513540,
            "dur": 3,
            "args": {
                "name": "SparseToDense_27/_8__cf__8",
                "op": "Const"
            }
        },
        {
            "ph": "X",
            "cat": "Op",
            "name": "Const",
            "pid": 1,
            "tid": 0,
            "ts": 1538477793513544,
            "dur": 2,
            "args": {
                "name": "SparseToDense_28/_9__cf__9",
                "op": "Const"
            }
        },
        {
            "ph": "X",
            "cat": "Op",
            "name": "Const",
            "pid": 1,
            "tid": 0,
            "ts": 1538477793513547,
            "dur": 3,
            "args": {
                "name": "SparseToDense_29/_10__cf__10",
                "op": "Const"
            }
        },
        {
            "ph": "X",
            "cat": "Op",
            "name": "Const",
            "pid": 1,
            "tid": 0,
            "ts": 1538477793513551,
            "dur": 3,
            "args": {
                "name": "SparseToDense_33/_12__cf__12",
                "op": "Const"
            }
        },
        {
            "ph": "X",
            "cat": "Op",
            "name": "Const",
            "pid": 1,
            "tid": 0,
            "ts": 1538477793513556,
            "dur": 2,
            "args": {
                "name": "StringSplit_10/_22__cf__22",
                "op": "Const"
            }
        },
        {
            "ph": "X",
            "cat": "Op",
            "name": "Const",
            "pid": 1,
            "tid": 0,
            "ts": 1538477793513567,
            "dur": 3,
            "args": {
                "name": "StringSplit_11/_24__cf__24",
                "op": "Const"
            }
        },
        {
            "ph": "X",
            "cat": "Op",
            "name": "Const",
            "pid": 1,
            "tid": 0,
            "ts": 1538477793513572,
            "dur": 1,
            "args": {
                "name": "StringSplit_11/_25__cf__25",
                "op": "Const"
            }
        },
        {
            "ph": "X",
            "cat": "Op",
            "name": "Const",
            "pid": 1,
            "tid": 0,
            "ts": 1538477793513578,
            "dur": 2,
            "args": {
                "name": "StringSplit_11/_26__cf__26",
                "op": "Const"
            }
        },
        {
            "ph": "X",
            "cat": "Op",
            "name": "Const",
            "pid": 1,
            "tid": 0,
            "ts": 1538477793513581,
            "dur": 3,
            "args": {
                "name": "StringSplit_12/_27__cf__27",
                "op": "Const"
            }
        },
        {
            "ph": "X",
            "cat": "Op",
            "name": "Const",
            "pid": 1,
            "tid": 0,
            "ts": 1538477793513593,
            "dur": 4,
            "args": {
                "name": "StringSplit_12/_28__cf__28",
                "op": "Const"
            }
        },
        {
            "ph": "X",
            "cat": "Op",
            "name": "Const",
            "pid": 1,
            "tid": 0,
            "ts": 1538477793513599,
            "dur": 3,
            "args": {
                "name": "StringSplit_12/_29__cf__29",
                "op": "Const"
            }
        },
        {
            "ph": "X",
            "cat": "Op",
            "name": "Const",
            "pid": 1,
            "tid": 0,
            "ts": 1538477793513604,
            "dur": 3,
            "args": {
                "name": "StringSplit_13/_30__cf__30",
                "op": "Const"
            }
        },
        {
            "ph": "X",
            "cat": "Op",
            "name": "LookupTableFindV2",
            "pid": 1,
            "tid": 1,
            "ts": 1538477793513587,
            "dur": 23,
            "args": {
                "name": "hash_table_Lookup_8",
                "op": "LookupTableFindV2",
                "input0": "string_to_index/hash_table",
                "input1": "StringSplit_10:1",
                "input2": "string_to_index_1/hash_table/Const"
            }
        },
        {
            "ph": "s",
            "cat": "DataFlow",
            "name": "string_to_index/hash_table",
            "pid": 1,
            "tid": 2,
            "ts": 1538477793513502,
            "id": 0
        },
        {
            "ph": "t",
            "cat": "DataFlow",
            "name": "string_to_index/hash_table",
            "pid": 1,
            "tid": 1,
            "ts": 1538477793513587,
            "id": 0
        },
        {
            "ph": "s",
            "cat": "DataFlow",
            "name": "string_to_index_1/hash_table/Const",
            "pid": 1,
            "tid": 0,
            "ts": 1538477793513464,
            "id": 1
        },
        {
            "ph": "t",
            "cat": "DataFlow",
            "name": "string_to_index_1/hash_table/Const",
            "pid": 1,
            "tid": 1,
            "ts": 1538477793513587,
            "id": 1
        },
        {
            "ph": "X",
            "cat": "Op",
            "name": "LookupTableFindV2",
            "pid": 1,
            "tid": 2,
            "ts": 1538477793513596,
            "dur": 15,
            "args": {
                "name": "hash_table_Lookup_20",
                "op": "LookupTableFindV2",
                "input0": "string_to_index_1/hash_table",
                "input1": "StringSplit_10:1",
                "input2": "string_to_index_1/hash_table/Const"
            }
        },
        {
            "ph": "s",
            "cat": "DataFlow",
            "name": "string_to_index_1/hash_table",
            "pid": 1,
            "tid": 1,
            "ts": 1538477793513482,
            "id": 2
        },
        {
            "ph": "t",
            "cat": "DataFlow",
            "name": "string_to_index_1/hash_table",
            "pid": 1,
            "tid": 2,
            "ts": 1538477793513596,
            "id": 2
        },
        {
            "ph": "s",
            "cat": "DataFlow",
            "name": "string_to_index_1/hash_table/Const",
            "pid": 1,
            "tid": 0,
            "ts": 1538477793513464,
            "id": 3
        },
        {
            "ph": "t",
            "cat": "DataFlow",
            "name": "string_to_index_1/hash_table/Const",
            "pid": 1,
            "tid": 2,
            "ts": 1538477793513596,
            "id": 3
        },
        {
            "ph": "X",
            "cat": "Op",
            "name": "LookupTableFindV2",
            "pid": 1,
            "tid": 3,
            "ts": 1538477793513601,
            "dur": 19,
            "args": {
                "name": "hash_table_Lookup_11",
                "op": "LookupTableFindV2",
                "input0": "string_to_index/hash_table",
                "input1": "StringSplit_11:1",
                "input2": "string_to_index_1/hash_table/Const"
            }
        },
        {
            "ph": "s",
            "cat": "DataFlow",
            "name": "string_to_index/hash_table",
            "pid": 1,
            "tid": 2,
            "ts": 1538477793513502,
            "id": 4
        },
        {
            "ph": "t",
            "cat": "DataFlow",
            "name": "string_to_index/hash_table",
            "pid": 1,
            "tid": 3,
            "ts": 1538477793513601,
            "id": 4
        },
        {
            "ph": "s",
            "cat": "DataFlow",
            "name": "string_to_index_1/hash_table/Const",
            "pid": 1,
            "tid": 0,
            "ts": 1538477793513464,
            "id": 5
        },
        {
            "ph": "t",
            "cat": "DataFlow",
            "name": "string_to_index_1/hash_table/Const",
            "pid": 1,
            "tid": 3,
            "ts": 1538477793513601,
            "id": 5
        },
        {
            "ph": "X",
            "cat": "Op",
            "name": "Const",
            "pid": 1,
            "tid": 0,
            "ts": 1538477793513619,
            "dur": 5,
            "args": {
                "name": "StringSplit_13/_31__cf__31",
                "op": "Const"
            }
        },
        {
            "ph": "X",
            "cat": "Op",
            "name": "LookupTableFindV2",
            "pid": 1,
            "tid": 1,
            "ts": 1538477793513616,
            "dur": 9,
            "args": {
                "name": "hash_table_Lookup_15",
                "op": "LookupTableFindV2",
                "input0": "string_to_index_1/hash_table",
                "input1": "StringSplit_13:1",
                "input2": "string_to_index_1/hash_table/Const"
            }
        },
        {
            "ph": "s",
            "cat": "DataFlow",
            "name": "string_to_index_1/hash_table/Const",
            "pid": 1,
            "tid": 0,
            "ts": 1538477793513464,
            "id": 6
        },
        {
            "ph": "t",
            "cat": "DataFlow",
            "name": "string_to_index_1/hash_table/Const",
            "pid": 1,
            "tid": 1,
            "ts": 1538477793513616,
            "id": 6
        },
        {
            "ph": "X",
            "cat": "Op",
            "name": "LookupTableFindV2",
            "pid": 1,
            "tid": 2,
            "ts": 1538477793513617,
            "dur": 9,
            "args": {
                "name": "hash_table_Lookup_3",
                "op": "LookupTableFindV2",
                "input0": "string_to_index/hash_table",
                "input1": "StringSplit_13:1",
                "input2": "string_to_index_1/hash_table/Const"
            }
        },
        {
            "ph": "s",
            "cat": "DataFlow",
            "name": "string_to_index_1/hash_table/Const",
            "pid": 1,
            "tid": 0,
            "ts": 1538477793513464,
            "id": 7
        },
        {
            "ph": "t",
            "cat": "DataFlow",
            "name": "string_to_index_1/hash_table/Const",
            "pid": 1,
            "tid": 2,
            "ts": 1538477793513617,
            "id": 7
        },
        {
            "ph": "X",
            "cat": "Op",
            "name": "LookupTableFindV2",
            "pid": 1,
            "tid": 4,
            "ts": 1538477793513605,
            "dur": 23,
            "args": {
                "name": "hash_table_Lookup",
                "op": "LookupTableFindV2",
                "input0": "string_to_index/hash_table",
                "input1": "StringSplit_12:1",
                "input2": "string_to_index_1/hash_table/Const"
            }
        },
        {
            "ph": "s",
            "cat": "DataFlow",
            "name": "string_to_index/hash_table",
            "pid": 1,
            "tid": 2,
            "ts": 1538477793513502,
            "id": 8
        },
        {
            "ph": "t",
            "cat": "DataFlow",
            "name": "string_to_index/hash_table",
            "pid": 1,
            "tid": 4,
            "ts": 1538477793513605,
            "id": 8
        },
        {
            "ph": "s",
            "cat": "DataFlow",
            "name": "string_to_index_1/hash_table/Const",
            "pid": 1,
            "tid": 0,
            "ts": 1538477793513464,
            "id": 9
        },
        {
            "ph": "t",
            "cat": "DataFlow",
            "name": "string_to_index_1/hash_table/Const",
            "pid": 1,
            "tid": 4,
            "ts": 1538477793513605,
            "id": 9
        },
        {
            "ph": "X",
            "cat": "Op",
            "name": "Const",
            "pid": 1,
            "tid": 0,
            "ts": 1538477793513626,
            "dur": 11,
            "args": {
                "name": "StringSplit_13/_32__cf__32",
                "op": "Const"
            }
        },
        {
            "ph": "X",
            "cat": "Op",
            "name": "SparseToDense",
            "pid": 1,
            "tid": 3,
            "ts": 1538477793513624,
            "dur": 18,
            "args": {
                "name": "SparseToDense_20",
                "op": "SparseToDense",
                "input0": "StringSplit_11",
                "input1": "StringSplit_11:2",
                "input2": "hash_table_Lookup_11",
                "input3": "SparseToDense/default_value"
            }
        },
        {
            "ph": "s",
            "cat": "DataFlow",
            "name": "SparseToDense/default_value",
            "pid": 1,
            "tid": 0,
            "ts": 1538477793513471,
            "id": 10
        },
        {
            "ph": "t",
            "cat": "DataFlow",
            "name": "SparseToDense/default_value",
            "pid": 1,
            "tid": 3,
            "ts": 1538477793513624,
            "id": 10
        },
        {
            "ph": "X",
            "cat": "Op",
            "name": "LookupTableFindV2",
            "pid": 1,
            "tid": 5,
            "ts": 1538477793513619,
            "dur": 26,
            "args": {
                "name": "hash_table_Lookup_12",
                "op": "LookupTableFindV2",
                "input0": "string_to_index_1/hash_table",
                "input1": "StringSplit_12:1",
                "input2": "string_to_index_1/hash_table/Const"
            }
        },
        {
            "ph": "s",
            "cat": "DataFlow",
            "name": "string_to_index_1/hash_table",
            "pid": 1,
            "tid": 1,
            "ts": 1538477793513482,
            "id": 11
        },
        {
            "ph": "t",
            "cat": "DataFlow",
            "name": "string_to_index_1/hash_table",
            "pid": 1,
            "tid": 5,
            "ts": 1538477793513619,
            "id": 11
        },
        {
            "ph": "s",
            "cat": "DataFlow",
            "name": "string_to_index_1/hash_table/Const",
            "pid": 1,
            "tid": 0,
            "ts": 1538477793513464,
            "id": 12
        },
        {
            "ph": "t",
            "cat": "DataFlow",
            "name": "string_to_index_1/hash_table/Const",
            "pid": 1,
            "tid": 5,
            "ts": 1538477793513619,
            "id": 12
        },
        {
            "ph": "X",
            "cat": "Op",
            "name": "SparseToDense",
            "pid": 1,
            "tid": 1,
            "ts": 1538477793513633,
            "dur": 13,
            "args": {
                "name": "SparseToDense",
                "op": "SparseToDense",
                "input0": "StringSplit_12",
                "input1": "StringSplit_12:2",
                "input2": "hash_table_Lookup",
                "input3": "SparseToDense/default_value"
            }
        },
        {
            "ph": "s",
            "cat": "DataFlow",
            "name": "hash_table_Lookup",
            "pid": 1,
            "tid": 4,
            "ts": 1538477793513628,
            "id": 13
        },
        {
            "ph": "t",
            "cat": "DataFlow",
            "name": "hash_table_Lookup",
            "pid": 1,
            "tid": 1,
            "ts": 1538477793513633,
            "id": 13
        },
        {
            "ph": "s",
            "cat": "DataFlow",
            "name": "SparseToDense/default_value",
            "pid": 1,
            "tid": 0,
            "ts": 1538477793513471,
            "id": 14
        },
        {
            "ph": "t",
            "cat": "DataFlow",
            "name": "SparseToDense/default_value",
            "pid": 1,
            "tid": 1,
            "ts": 1538477793513633,
            "id": 14
        },
        {
            "ph": "X",
            "cat": "Op",
            "name": "_Retval",
            "pid": 1,
            "tid": 0,
            "ts": 1538477793513646,
            "dur": 2,
            "args": {
                "name": "_retval_SparseToDense_20_0_12",
                "op": "_Retval",
                "input0": "SparseToDense_20"
            }
        },
        {
            "ph": "s",
            "cat": "DataFlow",
            "name": "SparseToDense_20",
            "pid": 1,
            "tid": 3,
            "ts": 1538477793513642,
            "id": 15
        },
        {
            "ph": "t",
            "cat": "DataFlow",
            "name": "SparseToDense_20",
            "pid": 1,
            "tid": 0,
            "ts": 1538477793513646,
            "id": 15
        },
        {
            "ph": "X",
            "cat": "Op",
            "name": "Const",
            "pid": 1,
            "tid": 2,
            "ts": 1538477793513646,
            "dur": 4,
            "args": {
                "name": "StringSplit_15/_35__cf__35",
                "op": "Const"
            }
        },
        {
            "ph": "X",
            "cat": "Op",
            "name": "_Retval",
            "pid": 1,
            "tid": 0,
            "ts": 1538477793513649,
            "dur": 2,
            "args": {
                "name": "_retval_SparseToDense_0_0",
                "op": "_Retval",
                "input0": "SparseToDense"
            }
        },
        {
            "ph": "s",
            "cat": "DataFlow",
            "name": "SparseToDense",
            "pid": 1,
            "tid": 1,
            "ts": 1538477793513646,
            "id": 16
        },
        {
            "ph": "t",
            "cat": "DataFlow",
            "name": "SparseToDense",
            "pid": 1,
            "tid": 0,
            "ts": 1538477793513649,
            "id": 16
        },
        {
            "ph": "X",
            "cat": "Op",
            "name": "SparseToDense",
            "pid": 1,
            "tid": 1,
            "ts": 1538477793513648,
            "dur": 8,
            "args": {
                "name": "SparseToDense_24",
                "op": "SparseToDense",
                "input0": "StringSplit_12",
                "input1": "StringSplit_12:2",
                "input2": "hash_table_Lookup_12",
                "input3": "SparseToDense/default_value"
            }
        },
        {
            "ph": "s",
            "cat": "DataFlow",
            "name": "hash_table_Lookup_12",
            "pid": 1,
            "tid": 5,
            "ts": 1538477793513645,
            "id": 17
        },
        {
            "ph": "t",
            "cat": "DataFlow",
            "name": "hash_table_Lookup_12",
            "pid": 1,
            "tid": 1,
            "ts": 1538477793513648,
            "id": 17
        },
        {
            "ph": "s",
            "cat": "DataFlow",
            "name": "SparseToDense/default_value",
            "pid": 1,
            "tid": 0,
            "ts": 1538477793513471,
            "id": 18
        },
        {
            "ph": "t",
            "cat": "DataFlow",
            "name": "SparseToDense/default_value",
            "pid": 1,
            "tid": 1,
            "ts": 1538477793513648,
            "id": 18
        },
        {
            "ph": "X",
            "cat": "Op",
            "name": "Const",
            "pid": 1,
            "tid": 0,
            "ts": 1538477793513656,
            "dur": 4,
            "args": {
                "name": "StringSplit_16/_36__cf__36",
                "op": "Const"
            }
        },
        {
            "ph": "X",
            "cat": "Op",
            "name": "_Retval",
            "pid": 1,
            "tid": 1,
            "ts": 1538477793513659,
            "dur": 2,
            "args": {
                "name": "_retval_SparseToDense_24_0_16",
                "op": "_Retval",
                "input0": "SparseToDense_24"
            }
        },
        {
            "ph": "X",
            "cat": "Op",
            "name": "LookupTableFindV2",
            "pid": 1,
            "tid": 2,
            "ts": 1538477793513653,
            "dur": 9,
            "args": {
                "name": "hash_table_Lookup_1",
                "op": "LookupTableFindV2",
                "input0": "string_to_index/hash_table",
                "input1": "StringSplit_15:1",
                "input2": "string_to_index_1/hash_table/Const"
            }
        },
        {
            "ph": "s",
            "cat": "DataFlow",
            "name": "string_to_index_1/hash_table/Const",
            "pid": 1,
            "tid": 0,
            "ts": 1538477793513464,
            "id": 19
        },
        {
            "ph": "t",
            "cat": "DataFlow",
            "name": "string_to_index_1/hash_table/Const",
            "pid": 1,
            "tid": 2,
            "ts": 1538477793513653,
            "id": 19
        },
        {
            "ph": "X",
            "cat": "Op",
            "name": "LookupTableFindV2",
            "pid": 1,
            "tid": 3,
            "ts": 1538477793513656,
            "dur": 7,
            "args": {
                "name": "hash_table_Lookup_13",
                "op": "LookupTableFindV2",
                "input0": "string_to_index_1/hash_table",
                "input1": "StringSplit_15:1",
                "input2": "string_to_index_1/hash_table/Const"
            }
        },
        {
            "ph": "s",
            "cat": "DataFlow",
            "name": "string_to_index_1/hash_table",
            "pid": 1,
            "tid": 1,
            "ts": 1538477793513482,
            "id": 20
        },
        {
            "ph": "t",
            "cat": "DataFlow",
            "name": "string_to_index_1/hash_table",
            "pid": 1,
            "tid": 3,
            "ts": 1538477793513656,
            "id": 20
        },
        {
            "ph": "s",
            "cat": "DataFlow",
            "name": "string_to_index_1/hash_table/Const",
            "pid": 1,
            "tid": 0,
            "ts": 1538477793513464,
            "id": 21
        },
        {
            "ph": "t",
            "cat": "DataFlow",
            "name": "string_to_index_1/hash_table/Const",
            "pid": 1,
            "tid": 3,
            "ts": 1538477793513656,
            "id": 21
        },
        {
            "ph": "X",
            "cat": "Op",
            "name": "Const",
            "pid": 1,
            "tid": 0,
            "ts": 1538477793513665,
            "dur": 5,
            "args": {
                "name": "StringSplit_18/_40__cf__40",
                "op": "Const"
            }
        },
        {
            "ph": "X",
            "cat": "Op",
            "name": "SparseToDense",
            "pid": 1,
            "tid": 4,
            "ts": 1538477793513652,
            "dur": 16,
            "args": {
                "name": "SparseToDense_6",
                "op": "SparseToDense",
                "input0": "StringSplit_13",
                "input1": "StringSplit_13:2",
                "input2": "hash_table_Lookup_3",
                "input3": "SparseToDense/default_value"
            }
        },
        {
            "ph": "s",
            "cat": "DataFlow",
            "name": "hash_table_Lookup_3",
            "pid": 1,
            "tid": 2,
            "ts": 1538477793513626,
            "id": 22
        },
        {
            "ph": "t",
            "cat": "DataFlow",
            "name": "hash_table_Lookup_3",
            "pid": 1,
            "tid": 4,
            "ts": 1538477793513652,
            "id": 22
        },
        {
            "ph": "s",
            "cat": "DataFlow",
            "name": "SparseToDense/default_value",
            "pid": 1,
            "tid": 0,
            "ts": 1538477793513471,
            "id": 23
        },
        {
            "ph": "t",
            "cat": "DataFlow",
            "name": "SparseToDense/default_value",
            "pid": 1,
            "tid": 4,
            "ts": 1538477793513652,
            "id": 23
        },
        {
            "ph": "X",
            "cat": "Op",
            "name": "LookupTableFindV2",
            "pid": 1,
            "tid": 1,
            "ts": 1538477793513665,
            "dur": 7,
            "args": {
                "name": "hash_table_Lookup_4",
                "op": "LookupTableFindV2",
                "input0": "string_to_index/hash_table",
                "input1": "StringSplit_16:1",
                "input2": "string_to_index_1/hash_table/Const"
            }
        },
        {
            "ph": "s",
            "cat": "DataFlow",
            "name": "string_to_index/hash_table",
            "pid": 1,
            "tid": 2,
            "ts": 1538477793513502,
            "id": 24
        },
        {
            "ph": "t",
            "cat": "DataFlow",
            "name": "string_to_index/hash_table",
            "pid": 1,
            "tid": 1,
            "ts": 1538477793513665,
            "id": 24
        },
        {
            "ph": "s",
            "cat": "DataFlow",
            "name": "string_to_index_1/hash_table/Const",
            "pid": 1,
            "tid": 0,
            "ts": 1538477793513464,
            "id": 25
        },
        {
            "ph": "t",
            "cat": "DataFlow",
            "name": "string_to_index_1/hash_table/Const",
            "pid": 1,
            "tid": 1,
            "ts": 1538477793513665,
            "id": 25
        },
        {
            "ph": "X",
            "cat": "Op",
            "name": "_Retval",
            "pid": 1,
            "tid": 0,
            "ts": 1538477793513672,
            "dur": 2,
            "args": {
                "name": "_retval_SparseToDense_6_0_38",
                "op": "_Retval",
                "input0": "SparseToDense_6"
            }
        },
        {
            "ph": "s",
            "cat": "DataFlow",
            "name": "SparseToDense_6",
            "pid": 1,
            "tid": 4,
            "ts": 1538477793513668,
            "id": 26
        },
        {
            "ph": "t",
            "cat": "DataFlow",
            "name": "SparseToDense_6",
            "pid": 1,
            "tid": 0,
            "ts": 1538477793513672,
            "id": 26
        },
        {
            "ph": "X",
            "cat": "Op",
            "name": "LookupTableFindV2",
            "pid": 1,
            "tid": 1,
            "ts": 1538477793513673,
            "dur": 7,
            "args": {
                "name": "hash_table_Lookup_2",
                "op": "LookupTableFindV2",
                "input0": "string_to_index/hash_table",
                "input1": "StringSplit_18:1",
                "input2": "string_to_index_1/hash_table/Const"
            }
        },
        {
            "ph": "s",
            "cat": "DataFlow",
            "name": "string_to_index/hash_table",
            "pid": 1,
            "tid": 2,
            "ts": 1538477793513502,
            "id": 27
        },
        {
            "ph": "t",
            "cat": "DataFlow",
            "name": "string_to_index/hash_table",
            "pid": 1,
            "tid": 1,
            "ts": 1538477793513673,
            "id": 27
        },
        {
            "ph": "s",
            "cat": "DataFlow",
            "name": "string_to_index_1/hash_table/Const",
            "pid": 1,
            "tid": 0,
            "ts": 1538477793513464,
            "id": 28
        },
        {
            "ph": "t",
            "cat": "DataFlow",
            "name": "string_to_index_1/hash_table/Const",
            "pid": 1,
            "tid": 1,
            "ts": 1538477793513673,
            "id": 28
        },
        {
            "ph": "X",
            "cat": "Op",
            "name": "SparseToDense",
            "pid": 1,
            "tid": 6,
            "ts": 1538477793513644,
            "dur": 37,
            "args": {
                "name": "SparseToDense_30",
                "op": "SparseToDense",
                "input0": "StringSplit_13",
                "input1": "StringSplit_13:2",
                "input2": "hash_table_Lookup_15",
                "input3": "SparseToDense/default_value"
            }
        },
        {
            "ph": "s",
            "cat": "DataFlow",
            "name": "hash_table_Lookup_15",
            "pid": 1,
            "tid": 1,
            "ts": 1538477793513625,
            "id": 29
        },
        {
            "ph": "t",
            "cat": "DataFlow",
            "name": "hash_table_Lookup_15",
            "pid": 1,
            "tid": 6,
            "ts": 1538477793513644,
            "id": 29
        },
        {
            "ph": "s",
            "cat": "DataFlow",
            "name": "SparseToDense/default_value",
            "pid": 1,
            "tid": 0,
            "ts": 1538477793513471,
            "id": 30
        },
        {
            "ph": "t",
            "cat": "DataFlow",
            "name": "SparseToDense/default_value",
            "pid": 1,
            "tid": 6,
            "ts": 1538477793513644,
            "id": 30
        },
        {
            "ph": "X",
            "cat": "Op",
            "name": "LookupTableFindV2",
            "pid": 1,
            "tid": 2,
            "ts": 1538477793513666,
            "dur": 17,
            "args": {
                "name": "hash_table_Lookup_16",
                "op": "LookupTableFindV2",
                "input0": "string_to_index_1/hash_table",
                "input1": "StringSplit_16:1",
                "input2": "string_to_index_1/hash_table/Const"
            }
        },
        {
            "ph": "s",
            "cat": "DataFlow",
            "name": "string_to_index_1/hash_table",
            "pid": 1,
            "tid": 1,
            "ts": 1538477793513482,
            "id": 31
        },
        {
            "ph": "t",
            "cat": "DataFlow",
            "name": "string_to_index_1/hash_table",
            "pid": 1,
            "tid": 2,
            "ts": 1538477793513666,
            "id": 31
        },
        {
            "ph": "s",
            "cat": "DataFlow",
            "name": "string_to_index_1/hash_table/Const",
            "pid": 1,
            "tid": 0,
            "ts": 1538477793513464,
            "id": 32
        },
        {
            "ph": "t",
            "cat": "DataFlow",
            "name": "string_to_index_1/hash_table/Const",
            "pid": 1,
            "tid": 2,
            "ts": 1538477793513666,
            "id": 32
        },
        {
            "ph": "X",
            "cat": "Op",
            "name": "Const",
            "pid": 1,
            "tid": 0,
            "ts": 1538477793513682,
            "dur": 5,
            "args": {
                "name": "StringSplit_19/_42__cf__42",
                "op": "Const"
            }
        },
        {
            "ph": "X",
            "cat": "Op",
            "name": "_Retval",
            "pid": 1,
            "tid": 1,
            "ts": 1538477793513684,
            "dur": 2,
            "args": {
                "name": "_retval_SparseToDense_30_0_23",
                "op": "_Retval",
                "input0": "SparseToDense_30"
            }
        },
        {
            "ph": "s",
            "cat": "DataFlow",
            "name": "SparseToDense_30",
            "pid": 1,
            "tid": 6,
            "ts": 1538477793513681,
            "id": 33
        },
        {
            "ph": "t",
            "cat": "DataFlow",
            "name": "SparseToDense_30",
            "pid": 1,
            "tid": 1,
            "ts": 1538477793513684,
            "id": 33
        },
        {
            "ph": "X",
            "cat": "Op",
            "name": "LookupTableFindV2",
            "pid": 1,
            "tid": 3,
            "ts": 1538477793513679,
            "dur": 15,
            "args": {
                "name": "hash_table_Lookup_14",
                "op": "LookupTableFindV2",
                "input0": "string_to_index_1/hash_table",
                "input1": "StringSplit_18:1",
                "input2": "string_to_index_1/hash_table/Const"
            }
        },
        {
            "ph": "s",
            "cat": "DataFlow",
            "name": "string_to_index_1/hash_table",
            "pid": 1,
            "tid": 1,
            "ts": 1538477793513482,
            "id": 34
        },
        {
            "ph": "t",
            "cat": "DataFlow",
            "name": "string_to_index_1/hash_table",
            "pid": 1,
            "tid": 3,
            "ts": 1538477793513679,
            "id": 34
        },
        {
            "ph": "s",
            "cat": "DataFlow",
            "name": "string_to_index_1/hash_table/Const",
            "pid": 1,
            "tid": 0,
            "ts": 1538477793513464,
            "id": 35
        },
        {
            "ph": "t",
            "cat": "DataFlow",
            "name": "string_to_index_1/hash_table/Const",
            "pid": 1,
            "tid": 3,
            "ts": 1538477793513679,
            "id": 35
        },
        {
            "ph": "X",
            "cat": "Op",
            "name": "LookupTableFindV2",
            "pid": 1,
            "tid": 0,
            "ts": 1538477793513690,
            "dur": 8,
            "args": {
                "name": "hash_table_Lookup_17",
                "op": "LookupTableFindV2",
                "input0": "string_to_index_1/hash_table",
                "input1": "StringSplit_19:1",
                "input2": "string_to_index_1/hash_table/Const"
            }
        },
        {
            "ph": "s",
            "cat": "DataFlow",
            "name": "string_to_index_1/hash_table",
            "pid": 1,
            "tid": 1,
            "ts": 1538477793513482,
            "id": 36
        },
        {
            "ph": "t",
            "cat": "DataFlow",
            "name": "string_to_index_1/hash_table",
            "pid": 1,
            "tid": 0,
            "ts": 1538477793513690,
            "id": 36
        },
        {
            "ph": "X",
            "cat": "Op",
            "name": "Const",
            "pid": 1,
            "tid": 1,
            "ts": 1538477793513695,
            "dur": 5,
            "args": {
                "name": "StringSplit_19/_43__cf__43",
                "op": "Const"
            }
        },
        {
            "ph": "X",
            "cat": "Op",
            "name": "LookupTableFindV2",
            "pid": 1,
            "tid": 2,
            "ts": 1538477793513692,
            "dur": 9,
            "args": {
                "name": "hash_table_Lookup_5",
                "op": "LookupTableFindV2",
                "input0": "string_to_index/hash_table",
                "input1": "StringSplit_19:1",
                "input2": "string_to_index_1/hash_table/Const"
            }
        },
        {
            "ph": "s",
            "cat": "DataFlow",
            "name": "string_to_index_1/hash_table/Const",
            "pid": 1,
            "tid": 0,
            "ts": 1538477793513464,
            "id": 37
        },
        {
            "ph": "t",
            "cat": "DataFlow",
            "name": "string_to_index_1/hash_table/Const",
            "pid": 1,
            "tid": 2,
            "ts": 1538477793513692,
            "id": 37
        },
        {
            "ph": "X",
            "cat": "Op",
            "name": "Const",
            "pid": 1,
            "tid": 0,
            "ts": 1538477793513702,
            "dur": 4,
            "args": {
                "name": "StringSplit_19/_44__cf__44",
                "op": "Const"
            }
        },
        {
            "ph": "X",
            "cat": "Op",
            "name": "SparseToDense",
            "pid": 1,
            "tid": 0,
            "ts": 1538477793513708,
            "dur": 6,
            "args": {
                "name": "SparseToDense_32",
                "op": "SparseToDense",
                "input0": "StringSplit_19",
                "input1": "StringSplit_19:2",
                "input2": "hash_table_Lookup_17",
                "input3": "SparseToDense/default_value"
            }
        },
        {
            "ph": "X",
            "cat": "Op",
            "name": "Const",
            "pid": 1,
            "tid": 1,
            "ts": 1538477793513713,
            "dur": 3,
            "args": {
                "name": "StringSplit_2/_45__cf__45",
                "op": "Const"
            }
        },
        {
            "ph": "X",
            "cat": "Op",
            "name": "_Retval",
            "pid": 1,
            "tid": 0,
            "ts": 1538477793513716,
            "dur": 2,
            "args": {
                "name": "_retval_SparseToDense_32_0_25",
                "op": "_Retval",
                "input0": "SparseToDense_32"
            }
        },
        {
            "ph": "X",
            "cat": "Op",
            "name": "SparseToDense",
            "pid": 1,
            "tid": 2,
            "ts": 1538477793513716,
            "dur": 8,
            "args": {
                "name": "SparseToDense_8",
                "op": "SparseToDense",
                "input0": "StringSplit_19",
                "input1": "StringSplit_19:2",
                "input2": "hash_table_Lookup_5",
                "input3": "SparseToDense/default_value"
            }
        },
        {
            "ph": "s",
            "cat": "DataFlow",
            "name": "SparseToDense/default_value",
            "pid": 1,
            "tid": 0,
            "ts": 1538477793513471,
            "id": 38
        },
        {
            "ph": "t",
            "cat": "DataFlow",
            "name": "SparseToDense/default_value",
            "pid": 1,
            "tid": 2,
            "ts": 1538477793513716,
            "id": 38
        },
        {
            "ph": "X",
            "cat": "Op",
            "name": "LookupTableFindV2",
            "pid": 1,
            "tid": 0,
            "ts": 1538477793513720,
            "dur": 5,
            "args": {
                "name": "hash_table_Lookup_6",
                "op": "LookupTableFindV2",
                "input0": "string_to_index/hash_table",
                "input1": "StringSplit_2:1",
                "input2": "string_to_index_1/hash_table/Const"
            }
        },
        {
            "ph": "s",
            "cat": "DataFlow",
            "name": "string_to_index/hash_table",
            "pid": 1,
            "tid": 2,
            "ts": 1538477793513502,
            "id": 39
        },
        {
            "ph": "t",
            "cat": "DataFlow",
            "name": "string_to_index/hash_table",
            "pid": 1,
            "tid": 0,
            "ts": 1538477793513720,
            "id": 39
        },
        {
            "ph": "X",
            "cat": "Op",
            "name": "Const",
            "pid": 1,
            "tid": 1,
            "ts": 1538477793513723,
            "dur": 5,
            "args": {
                "name": "StringSplit_2/_46__cf__46",
                "op": "Const"
            }
        },
        {
            "ph": "X",
            "cat": "Op",
            "name": "_Retval",
            "pid": 1,
            "tid": 0,
            "ts": 1538477793513727,
            "dur": 2,
            "args": {
                "name": "_retval_SparseToDense_8_0_40",
                "op": "_Retval",
                "input0": "SparseToDense_8"
            }
        },
        {
            "ph": "s",
            "cat": "DataFlow",
            "name": "SparseToDense_8",
            "pid": 1,
            "tid": 2,
            "ts": 1538477793513724,
            "id": 40
        },
        {
            "ph": "t",
            "cat": "DataFlow",
            "name": "SparseToDense_8",
            "pid": 1,
            "tid": 0,
            "ts": 1538477793513727,
            "id": 40
        },
        {
            "ph": "X",
            "cat": "Op",
            "name": "Const",
            "pid": 1,
            "tid": 0,
            "ts": 1538477793513730,
            "dur": 10,
            "args": {
                "name": "StringSplit_2/_47__cf__47",
                "op": "Const"
            }
        },
        {
            "ph": "X",
            "cat": "Op",
            "name": "LookupTableFindV2",
            "pid": 1,
            "tid": 2,
            "ts": 1538477793513726,
            "dur": 8,
            "args": {
                "name": "hash_table_Lookup_18",
                "op": "LookupTableFindV2",
                "input0": "string_to_index_1/hash_table",
                "input1": "StringSplit_2:1",
                "input2": "string_to_index_1/hash_table/Const"
            }
        },
        {
            "ph": "s",
            "cat": "DataFlow",
            "name": "string_to_index_1/hash_table",
            "pid": 1,
            "tid": 1,
            "ts": 1538477793513482,
            "id": 41
        },
        {
            "ph": "t",
            "cat": "DataFlow",
            "name": "string_to_index_1/hash_table",
            "pid": 1,
            "tid": 2,
            "ts": 1538477793513726,
            "id": 41
        },
        {
            "ph": "s",
            "cat": "DataFlow",
            "name": "string_to_index_1/hash_table/Const",
            "pid": 1,
            "tid": 0,
            "ts": 1538477793513464,
            "id": 42
        },
        {
            "ph": "t",
            "cat": "DataFlow",
            "name": "string_to_index_1/hash_table/Const",
            "pid": 1,
            "tid": 2,
            "ts": 1538477793513726,
            "id": 42
        },
        {
            "ph": "X",
            "cat": "Op",
            "name": "Const",
            "pid": 1,
            "tid": 0,
            "ts": 1538477793513749,
            "dur": 4,
            "args": {
                "name": "StringSplit_3/_48__cf__48",
                "op": "Const"
            }
        },
        {
            "ph": "X",
            "cat": "Op",
            "name": "Const",
            "pid": 1,
            "tid": 0,
            "ts": 1538477793513755,
            "dur": 3,
            "args": {
                "name": "StringSplit_3/_49__cf__49",
                "op": "Const"
            }
        },
        {
            "ph": "X",
            "cat": "Op",
            "name": "Const",
            "pid": 1,
            "tid": 0,
            "ts": 1538477793513762,
            "dur": 3,
            "args": {
                "name": "StringSplit_3/_50__cf__50",
                "op": "Const"
            }
        },
        {
            "ph": "X",
            "cat": "Op",
            "name": "SparseToDense",
            "pid": 1,
            "tid": 1,
            "ts": 1538477793513750,
            "dur": 14,
            "args": {
                "name": "SparseToDense_36",
                "op": "SparseToDense",
                "input0": "StringSplit_2",
                "input1": "StringSplit_2:2",
                "input2": "hash_table_Lookup_18",
                "input3": "SparseToDense/default_value"
            }
        },
        {
            "ph": "s",
            "cat": "DataFlow",
            "name": "hash_table_Lookup_18",
            "pid": 1,
            "tid": 2,
            "ts": 1538477793513734,
            "id": 43
        },
        {
            "ph": "t",
            "cat": "DataFlow",
            "name": "hash_table_Lookup_18",
            "pid": 1,
            "tid": 1,
            "ts": 1538477793513750,
            "id": 43
        },
        {
            "ph": "s",
            "cat": "DataFlow",
            "name": "SparseToDense/default_value",
            "pid": 1,
            "tid": 0,
            "ts": 1538477793513471,
            "id": 44
        },
        {
            "ph": "t",
            "cat": "DataFlow",
            "name": "SparseToDense/default_value",
            "pid": 1,
            "tid": 1,
            "ts": 1538477793513750,
            "id": 44
        },
        {
            "ph": "X",
            "cat": "Op",
            "name": "Const",
            "pid": 1,
            "tid": 0,
            "ts": 1538477793513767,
            "dur": 2,
            "args": {
                "name": "StringSplit_6/_52__cf__52",
                "op": "Const"
            }
        },
        {
            "ph": "X",
            "cat": "Op",
            "name": "_Retval",
            "pid": 1,
            "tid": 1,
            "ts": 1538477793513768,
            "dur": 1,
            "args": {
                "name": "_retval_SparseToDense_36_0_29",
                "op": "_Retval",
                "input0": "SparseToDense_36"
            }
        },
        {
            "ph": "X",
            "cat": "Op",
            "name": "SparseToDense",
            "pid": 1,
            "tid": 2,
            "ts": 1538477793513754,
            "dur": 20,
            "args": {
                "name": "SparseToDense_12",
                "op": "SparseToDense",
                "input0": "StringSplit_2",
                "input1": "StringSplit_2:2",
                "input2": "hash_table_Lookup_6",
                "input3": "SparseToDense/default_value"
            }
        },
        {
            "ph": "s",
            "cat": "DataFlow",
            "name": "hash_table_Lookup_6",
            "pid": 1,
            "tid": 0,
            "ts": 1538477793513725,
            "id": 45
        },
        {
            "ph": "t",
            "cat": "DataFlow",
            "name": "hash_table_Lookup_6",
            "pid": 1,
            "tid": 2,
            "ts": 1538477793513754,
            "id": 45
        },
        {
            "ph": "s",
            "cat": "DataFlow",
            "name": "SparseToDense/default_value",
            "pid": 1,
            "tid": 0,
            "ts": 1538477793513471,
            "id": 46
        },
        {
            "ph": "t",
            "cat": "DataFlow",
            "name": "SparseToDense/default_value",
            "pid": 1,
            "tid": 2,
            "ts": 1538477793513754,
            "id": 46
        },
        {
            "ph": "X",
            "cat": "Op",
            "name": "LookupTableFindV2",
            "pid": 1,
            "tid": 3,
            "ts": 1538477793513762,
            "dur": 13,
            "args": {
                "name": "hash_table_Lookup_9",
                "op": "LookupTableFindV2",
                "input0": "string_to_index/hash_table",
                "input1": "StringSplit_3:1",
                "input2": "string_to_index_1/hash_table/Const"
            }
        },
        {
            "ph": "s",
            "cat": "DataFlow",
            "name": "string_to_index/hash_table",
            "pid": 1,
            "tid": 2,
            "ts": 1538477793513502,
            "id": 47
        },
        {
            "ph": "t",
            "cat": "DataFlow",
            "name": "string_to_index/hash_table",
            "pid": 1,
            "tid": 3,
            "ts": 1538477793513762,
            "id": 47
        },
        {
            "ph": "s",
            "cat": "DataFlow",
            "name": "string_to_index_1/hash_table/Const",
            "pid": 1,
            "tid": 0,
            "ts": 1538477793513464,
            "id": 48
        },
        {
            "ph": "t",
            "cat": "DataFlow",
            "name": "string_to_index_1/hash_table/Const",
            "pid": 1,
            "tid": 3,
            "ts": 1538477793513762,
            "id": 48
        },
        {
            "ph": "X",
            "cat": "Op",
            "name": "_Retval",
            "pid": 1,
            "tid": 0,
            "ts": 1538477793513777,
            "dur": 1,
            "args": {
                "name": "_retval_SparseToDense_12_0_3",
                "op": "_Retval",
                "input0": "SparseToDense_12"
            }
        },
        {
            "ph": "s",
            "cat": "DataFlow",
            "name": "SparseToDense_12",
            "pid": 1,
            "tid": 2,
            "ts": 1538477793513774,
            "id": 49
        },
        {
            "ph": "t",
            "cat": "DataFlow",
            "name": "SparseToDense_12",
            "pid": 1,
            "tid": 0,
            "ts": 1538477793513777,
            "id": 49
        },
        {
            "ph": "X",
            "cat": "Op",
            "name": "LookupTableFindV2",
            "pid": 1,
            "tid": 1,
            "ts": 1538477793513772,
            "dur": 8,
            "args": {
                "name": "hash_table_Lookup_7",
                "op": "LookupTableFindV2",
                "input0": "string_to_index/hash_table",
                "input1": "StringSplit_6:1",
                "input2": "string_to_index_1/hash_table/Const"
            }
        },
        {
            "ph": "s",
            "cat": "DataFlow",
            "name": "string_to_index/hash_table",
            "pid": 1,
            "tid": 2,
            "ts": 1538477793513502,
            "id": 50
        },
        {
            "ph": "t",
            "cat": "DataFlow",
            "name": "string_to_index/hash_table",
            "pid": 1,
            "tid": 1,
            "ts": 1538477793513772,
            "id": 50
        },
        {
            "ph": "s",
            "cat": "DataFlow",
            "name": "string_to_index_1/hash_table/Const",
            "pid": 1,
            "tid": 0,
            "ts": 1538477793513464,
            "id": 51
        },
        {
            "ph": "t",
            "cat": "DataFlow",
            "name": "string_to_index_1/hash_table/Const",
            "pid": 1,
            "tid": 1,
            "ts": 1538477793513772,
            "id": 51
        },
        {
            "ph": "X",
            "cat": "Op",
            "name": "Const",
            "pid": 1,
            "tid": 2,
            "ts": 1538477793513777,
            "dur": 8,
            "args": {
                "name": "StringSplit_7/_54__cf__54",
                "op": "Const"
            }
        },
        {
            "ph": "X",
            "cat": "Op",
            "name": "SparseToDense",
            "pid": 1,
            "tid": 3,
            "ts": 1538477793513778,
            "dur": 9,
            "args": {
                "name": "SparseToDense_18",
                "op": "SparseToDense",
                "input0": "StringSplit_3",
                "input1": "StringSplit_3:2",
                "input2": "hash_table_Lookup_9",
                "input3": "SparseToDense/default_value"
            }
        },
        {
            "ph": "s",
            "cat": "DataFlow",
            "name": "SparseToDense/default_value",
            "pid": 1,
            "tid": 0,
            "ts": 1538477793513471,
            "id": 52
        },
        {
            "ph": "t",
            "cat": "DataFlow",
            "name": "SparseToDense/default_value",
            "pid": 1,
            "tid": 3,
            "ts": 1538477793513778,
            "id": 52
        },
        {
            "ph": "X",
            "cat": "Op",
            "name": "Const",
            "pid": 1,
            "tid": 0,
            "ts": 1538477793513787,
            "dur": 5,
            "args": {
                "name": "StringSplit_7/_55__cf__55",
                "op": "Const"
            }
        },
        {
            "ph": "X",
            "cat": "Op",
            "name": "_Retval",
            "pid": 1,
            "tid": 1,
            "ts": 1538477793513790,
            "dur": 2,
            "args": {
                "name": "_retval_SparseToDense_18_0_9",
                "op": "_Retval",
                "input0": "SparseToDense_18"
            }
        },
        {
            "ph": "s",
            "cat": "DataFlow",
            "name": "SparseToDense_18",
            "pid": 1,
            "tid": 3,
            "ts": 1538477793513787,
            "id": 53
        },
        {
            "ph": "t",
            "cat": "DataFlow",
            "name": "SparseToDense_18",
            "pid": 1,
            "tid": 1,
            "ts": 1538477793513790,
            "id": 53
        },
        {
            "ph": "X",
            "cat": "Op",
            "name": "LookupTableFindV2",
            "pid": 1,
            "tid": 4,
            "ts": 1538477793513778,
            "dur": 16,
            "args": {
                "name": "hash_table_Lookup_19",
                "op": "LookupTableFindV2",
                "input0": "string_to_index_1/hash_table",
                "input1": "StringSplit_6:1",
                "input2": "string_to_index_1/hash_table/Const"
            }
        },
        {
            "ph": "s",
            "cat": "DataFlow",
            "name": "string_to_index_1/hash_table",
            "pid": 1,
            "tid": 1,
            "ts": 1538477793513482,
            "id": 54
        },
        {
            "ph": "t",
            "cat": "DataFlow",
            "name": "string_to_index_1/hash_table",
            "pid": 1,
            "tid": 4,
            "ts": 1538477793513778,
            "id": 54
        },
        {
            "ph": "s",
            "cat": "DataFlow",
            "name": "string_to_index_1/hash_table/Const",
            "pid": 1,
            "tid": 0,
            "ts": 1538477793513464,
            "id": 55
        },
        {
            "ph": "t",
            "cat": "DataFlow",
            "name": "string_to_index_1/hash_table/Const",
            "pid": 1,
            "tid": 4,
            "ts": 1538477793513778,
            "id": 55
        },
        {
            "ph": "X",
            "cat": "Op",
            "name": "SparseToDense",
            "pid": 1,
            "tid": 5,
            "ts": 1538477793513783,
            "dur": 14,
            "args": {
                "name": "SparseToDense_13",
                "op": "SparseToDense",
                "input0": "StringSplit_6",
                "input1": "StringSplit_6:2",
                "input2": "hash_table_Lookup_7",
                "input3": "SparseToDense/default_value"
            }
        },
        {
            "ph": "s",
            "cat": "DataFlow",
            "name": "hash_table_Lookup_7",
            "pid": 1,
            "tid": 1,
            "ts": 1538477793513780,
            "id": 56
        },
        {
            "ph": "t",
            "cat": "DataFlow",
            "name": "hash_table_Lookup_7",
            "pid": 1,
            "tid": 5,
            "ts": 1538477793513783,
            "id": 56
        },
        {
            "ph": "s",
            "cat": "DataFlow",
            "name": "SparseToDense/default_value",
            "pid": 1,
            "tid": 0,
            "ts": 1538477793513471,
            "id": 57
        },
        {
            "ph": "t",
            "cat": "DataFlow",
            "name": "SparseToDense/default_value",
            "pid": 1,
            "tid": 5,
            "ts": 1538477793513783,
            "id": 57
        },
        {
            "ph": "X",
            "cat": "Op",
            "name": "_Retval",
            "pid": 1,
            "tid": 0,
            "ts": 1538477793513799,
            "dur": 0,
            "args": {
                "name": "_retval_SparseToDense_13_0_4",
                "op": "_Retval",
                "input0": "SparseToDense_13"
            }
        },
        {
            "ph": "s",
            "cat": "DataFlow",
            "name": "SparseToDense_13",
            "pid": 1,
            "tid": 5,
            "ts": 1538477793513797,
            "id": 58
        },
        {
            "ph": "t",
            "cat": "DataFlow",
            "name": "SparseToDense_13",
            "pid": 1,
            "tid": 0,
            "ts": 1538477793513799,
            "id": 58
        },
        {
            "ph": "X",
            "cat": "Op",
            "name": "SparseToDense",
            "pid": 1,
            "tid": 1,
            "ts": 1538477793513799,
            "dur": 8,
            "args": {
                "name": "SparseToDense_1",
                "op": "SparseToDense",
                "input0": "StringSplit_15",
                "input1": "StringSplit_15:2",
                "input2": "hash_table_Lookup_1",
                "input3": "SparseToDense/default_value"
            }
        },
        {
            "ph": "s",
            "cat": "DataFlow",
            "name": "hash_table_Lookup_1",
            "pid": 1,
            "tid": 2,
            "ts": 1538477793513662,
            "id": 59
        },
        {
            "ph": "t",
            "cat": "DataFlow",
            "name": "hash_table_Lookup_1",
            "pid": 1,
            "tid": 1,
            "ts": 1538477793513799,
            "id": 59
        },
        {
            "ph": "s",
            "cat": "DataFlow",
            "name": "SparseToDense/default_value",
            "pid": 1,
            "tid": 0,
            "ts": 1538477793513471,
            "id": 60
        },
        {
            "ph": "t",
            "cat": "DataFlow",
            "name": "SparseToDense/default_value",
            "pid": 1,
            "tid": 1,
            "ts": 1538477793513799,
            "id": 60
        },
        {
            "ph": "X",
            "cat": "Op",
            "name": "SparseToDense",
            "pid": 1,
            "tid": 2,
            "ts": 1538477793513797,
            "dur": 11,
            "args": {
                "name": "SparseToDense_37",
                "op": "SparseToDense",
                "input0": "StringSplit_6",
                "input1": "StringSplit_6:2",
                "input2": "hash_table_Lookup_19",
                "input3": "SparseToDense/default_value"
            }
        },
        {
            "ph": "s",
            "cat": "DataFlow",
            "name": "hash_table_Lookup_19",
            "pid": 1,
            "tid": 4,
            "ts": 1538477793513794,
            "id": 61
        },
        {
            "ph": "t",
            "cat": "DataFlow",
            "name": "hash_table_Lookup_19",
            "pid": 1,
            "tid": 2,
            "ts": 1538477793513797,
            "id": 61
        },
        {
            "ph": "s",
            "cat": "DataFlow",
            "name": "SparseToDense/default_value",
            "pid": 1,
            "tid": 0,
            "ts": 1538477793513471,
            "id": 62
        },
        {
            "ph": "t",
            "cat": "DataFlow",
            "name": "SparseToDense/default_value",
            "pid": 1,
            "tid": 2,
            "ts": 1538477793513797,
            "id": 62
        },
        {
            "ph": "X",
            "cat": "Op",
            "name": "SparseToDense",
            "pid": 1,
            "tid": 3,
            "ts": 1538477793513796,
            "dur": 12,
            "args": {
                "name": "SparseToDense_25",
                "op": "SparseToDense",
                "input0": "StringSplit_15",
                "input1": "StringSplit_15:2",
                "input2": "hash_table_Lookup_13",
                "input3": "SparseToDense/default_value"
            }
        },
        {
            "ph": "s",
            "cat": "DataFlow",
            "name": "SparseToDense/default_value",
            "pid": 1,
            "tid": 0,
            "ts": 1538477793513471,
            "id": 63
        },
        {
            "ph": "t",
            "cat": "DataFlow",
            "name": "SparseToDense/default_value",
            "pid": 1,
            "tid": 3,
            "ts": 1538477793513796,
            "id": 63
        },
        {
            "ph": "X",
            "cat": "Op",
            "name": "_Retval",
            "pid": 1,
            "tid": 0,
            "ts": 1538477793513810,
            "dur": 1,
            "args": {
                "name": "_retval_SparseToDense_1_0_11",
                "op": "_Retval",
                "input0": "SparseToDense_1"
            }
        },
        {
            "ph": "s",
            "cat": "DataFlow",
            "name": "SparseToDense_1",
            "pid": 1,
            "tid": 1,
            "ts": 1538477793513807,
            "id": 64
        },
        {
            "ph": "t",
            "cat": "DataFlow",
            "name": "SparseToDense_1",
            "pid": 1,
            "tid": 0,
            "ts": 1538477793513810,
            "id": 64
        },
        {
            "ph": "X",
            "cat": "Op",
            "name": "_Retval",
            "pid": 1,
            "tid": 1,
            "ts": 1538477793513810,
            "dur": 2,
            "args": {
                "name": "_retval_SparseToDense_37_0_30",
                "op": "_Retval",
                "input0": "SparseToDense_37"
            }
        },
        {
            "ph": "s",
            "cat": "DataFlow",
            "name": "SparseToDense_37",
            "pid": 1,
            "tid": 2,
            "ts": 1538477793513808,
            "id": 65
        },
        {
            "ph": "t",
            "cat": "DataFlow",
            "name": "SparseToDense_37",
            "pid": 1,
            "tid": 1,
            "ts": 1538477793513810,
            "id": 65
        },
        {
            "ph": "X",
            "cat": "Op",
            "name": "_Retval",
            "pid": 1,
            "tid": 2,
            "ts": 1538477793513811,
            "dur": 2,
            "args": {
                "name": "_retval_SparseToDense_25_0_17",
                "op": "_Retval",
                "input0": "SparseToDense_25"
            }
        },
        {
            "ph": "s",
            "cat": "DataFlow",
            "name": "SparseToDense_25",
            "pid": 1,
            "tid": 3,
            "ts": 1538477793513808,
            "id": 66
        },
        {
            "ph": "t",
            "cat": "DataFlow",
            "name": "SparseToDense_25",
            "pid": 1,
            "tid": 2,
            "ts": 1538477793513811,
            "id": 66
        },
        {
            "ph": "X",
            "cat": "Op",
            "name": "SparseToDense",
            "pid": 1,
            "tid": 3,
            "ts": 1538477793513809,
            "dur": 9,
            "args": {
                "name": "SparseToDense_14",
                "op": "SparseToDense",
                "input0": "StringSplit_10",
                "input1": "StringSplit_10:2",
                "input2": "hash_table_Lookup_8",
                "input3": "SparseToDense/default_value"
            }
        },
        {
            "ph": "s",
            "cat": "DataFlow",
            "name": "hash_table_Lookup_8",
            "pid": 1,
            "tid": 1,
            "ts": 1538477793513610,
            "id": 67
        },
        {
            "ph": "t",
            "cat": "DataFlow",
            "name": "hash_table_Lookup_8",
            "pid": 1,
            "tid": 3,
            "ts": 1538477793513809,
            "id": 67
        },
        {
            "ph": "s",
            "cat": "DataFlow",
            "name": "SparseToDense/default_value",
            "pid": 1,
            "tid": 0,
            "ts": 1538477793513471,
            "id": 68
        },
        {
            "ph": "t",
            "cat": "DataFlow",
            "name": "SparseToDense/default_value",
            "pid": 1,
            "tid": 3,
            "ts": 1538477793513809,
            "id": 68
        },
        {
            "ph": "X",
            "cat": "Op",
            "name": "_Retval",
            "pid": 1,
            "tid": 0,
            "ts": 1538477793513820,
            "dur": 2,
            "args": {
                "name": "_retval_SparseToDense_14_0_5",
                "op": "_Retval",
                "input0": "SparseToDense_14"
            }
        },
        {
            "ph": "s",
            "cat": "DataFlow",
            "name": "SparseToDense_14",
            "pid": 1,
            "tid": 3,
            "ts": 1538477793513818,
            "id": 69
        },
        {
            "ph": "t",
            "cat": "DataFlow",
            "name": "SparseToDense_14",
            "pid": 1,
            "tid": 0,
            "ts": 1538477793513820,
            "id": 69
        },
        {
            "ph": "X",
            "cat": "Op",
            "name": "SparseToDense",
            "pid": 1,
            "tid": 1,
            "ts": 1538477793513813,
            "dur": 11,
            "args": {
                "name": "SparseToDense_26",
                "op": "SparseToDense",
                "input0": "StringSplit_18",
                "input1": "StringSplit_18:2",
                "input2": "hash_table_Lookup_14",
                "input3": "SparseToDense/default_value"
            }
        },
        {
            "ph": "s",
            "cat": "DataFlow",
            "name": "hash_table_Lookup_14",
            "pid": 1,
            "tid": 3,
            "ts": 1538477793513694,
            "id": 70
        },
        {
            "ph": "t",
            "cat": "DataFlow",
            "name": "hash_table_Lookup_14",
            "pid": 1,
            "tid": 1,
            "ts": 1538477793513813,
            "id": 70
        },
        {
            "ph": "s",
            "cat": "DataFlow",
            "name": "SparseToDense/default_value",
            "pid": 1,
            "tid": 0,
            "ts": 1538477793513471,
            "id": 71
        },
        {
            "ph": "t",
            "cat": "DataFlow",
            "name": "SparseToDense/default_value",
            "pid": 1,
            "tid": 1,
            "ts": 1538477793513813,
            "id": 71
        },
        {
            "ph": "X",
            "cat": "Op",
            "name": "Const",
            "pid": 1,
            "tid": 2,
            "ts": 1538477793513818,
            "dur": 4,
            "args": {
                "name": "StringSplit_7/_56__cf__56",
                "op": "Const"
            }
        },
        {
            "ph": "X",
            "cat": "Op",
            "name": "SparseToDense",
            "pid": 1,
            "tid": 4,
            "ts": 1538477793513815,
            "dur": 11,
            "args": {
                "name": "SparseToDense_2",
                "op": "SparseToDense",
                "input0": "StringSplit_18",
                "input1": "StringSplit_18:2",
                "input2": "hash_table_Lookup_2",
                "input3": "SparseToDense/default_value"
            }
        },
        {
            "ph": "s",
            "cat": "DataFlow",
            "name": "hash_table_Lookup_2",
            "pid": 1,
            "tid": 1,
            "ts": 1538477793513680,
            "id": 72
        },
        {
            "ph": "t",
            "cat": "DataFlow",
            "name": "hash_table_Lookup_2",
            "pid": 1,
            "tid": 4,
            "ts": 1538477793513815,
            "id": 72
        },
        {
            "ph": "s",
            "cat": "DataFlow",
            "name": "SparseToDense/default_value",
            "pid": 1,
            "tid": 0,
            "ts": 1538477793513471,
            "id": 73
        },
        {
            "ph": "t",
            "cat": "DataFlow",
            "name": "SparseToDense/default_value",
            "pid": 1,
            "tid": 4,
            "ts": 1538477793513815,
            "id": 73
        },
        {
            "ph": "X",
            "cat": "Op",
            "name": "_Retval",
            "pid": 1,
            "tid": 0,
            "ts": 1538477793513827,
            "dur": 1,
            "args": {
                "name": "_retval_SparseToDense_26_0_18",
                "op": "_Retval",
                "input0": "SparseToDense_26"
            }
        },
        {
            "ph": "s",
            "cat": "DataFlow",
            "name": "SparseToDense_26",
            "pid": 1,
            "tid": 1,
            "ts": 1538477793513824,
            "id": 74
        },
        {
            "ph": "t",
            "cat": "DataFlow",
            "name": "SparseToDense_26",
            "pid": 1,
            "tid": 0,
            "ts": 1538477793513827,
            "id": 74
        },
        {
            "ph": "X",
            "cat": "Op",
            "name": "_Retval",
            "pid": 1,
            "tid": 0,
            "ts": 1538477793513829,
            "dur": 1,
            "args": {
                "name": "_retval_SparseToDense_2_0_22",
                "op": "_Retval",
                "input0": "SparseToDense_2"
            }
        },
        {
            "ph": "s",
            "cat": "DataFlow",
            "name": "SparseToDense_2",
            "pid": 1,
            "tid": 4,
            "ts": 1538477793513826,
            "id": 75
        },
        {
            "ph": "t",
            "cat": "DataFlow",
            "name": "SparseToDense_2",
            "pid": 1,
            "tid": 0,
            "ts": 1538477793513829,
            "id": 75
        },
        {
            "ph": "X",
            "cat": "Op",
            "name": "SparseToDense",
            "pid": 1,
            "tid": 5,
            "ts": 1538477793513818,
            "dur": 11,
            "args": {
                "name": "SparseToDense_31",
                "op": "SparseToDense",
                "input0": "StringSplit_16",
                "input1": "StringSplit_16:2",
                "input2": "hash_table_Lookup_16",
                "input3": "SparseToDense/default_value"
            }
        },
        {
            "ph": "s",
            "cat": "DataFlow",
            "name": "hash_table_Lookup_16",
            "pid": 1,
            "tid": 2,
            "ts": 1538477793513683,
            "id": 76
        },
        {
            "ph": "t",
            "cat": "DataFlow",
            "name": "hash_table_Lookup_16",
            "pid": 1,
            "tid": 5,
            "ts": 1538477793513818,
            "id": 76
        },
        {
            "ph": "s",
            "cat": "DataFlow",
            "name": "SparseToDense/default_value",
            "pid": 1,
            "tid": 0,
            "ts": 1538477793513471,
            "id": 77
        },
        {
            "ph": "t",
            "cat": "DataFlow",
            "name": "SparseToDense/default_value",
            "pid": 1,
            "tid": 5,
            "ts": 1538477793513818,
            "id": 77
        },
        {
            "ph": "X",
            "cat": "Op",
            "name": "_Retval",
            "pid": 1,
            "tid": 0,
            "ts": 1538477793513831,
            "dur": 2,
            "args": {
                "name": "_retval_SparseToDense_10_0_1",
                "op": "_Retval",
                "input0": "SparseToDense_10"
            }
        },
        {
            "ph": "X",
            "cat": "Op",
            "name": "_Retval",
            "pid": 1,
            "tid": 0,
            "ts": 1538477793513835,
            "dur": 1,
            "args": {
                "name": "_retval_SparseToDense_34_0_27",
                "op": "_Retval",
                "input0": "SparseToDense_34"
            }
        },
        {
            "ph": "X",
            "cat": "Op",
            "name": "SparseToDense",
            "pid": 1,
            "tid": 6,
            "ts": 1538477793513808,
            "dur": 28,
            "args": {
                "name": "SparseToDense_38",
                "op": "SparseToDense",
                "input0": "StringSplit_10",
                "input1": "StringSplit_10:2",
                "input2": "hash_table_Lookup_20",
                "input3": "SparseToDense/default_value"
            }
        },
        {
            "ph": "s",
            "cat": "DataFlow",
            "name": "hash_table_Lookup_20",
            "pid": 1,
            "tid": 2,
            "ts": 1538477793513611,
            "id": 78
        },
        {
            "ph": "t",
            "cat": "DataFlow",
            "name": "hash_table_Lookup_20",
            "pid": 1,
            "tid": 6,
            "ts": 1538477793513808,
            "id": 78
        },
        {
            "ph": "s",
            "cat": "DataFlow",
            "name": "SparseToDense/default_value",
            "pid": 1,
            "tid": 0,
            "ts": 1538477793513471,
            "id": 79
        },
        {
            "ph": "t",
            "cat": "DataFlow",
            "name": "SparseToDense/default_value",
            "pid": 1,
            "tid": 6,
            "ts": 1538477793513808,
            "id": 79
        },
        {
            "ph": "X",
            "cat": "Op",
            "name": "_Retval",
            "pid": 1,
            "tid": 1,
            "ts": 1538477793513834,
            "dur": 2,
            "args": {
                "name": "_retval_SparseToDense_31_0_24",
                "op": "_Retval",
                "input0": "SparseToDense_31"
            }
        },
        {
            "ph": "s",
            "cat": "DataFlow",
            "name": "SparseToDense_31",
            "pid": 1,
            "tid": 5,
            "ts": 1538477793513829,
            "id": 80
        },
        {
            "ph": "t",
            "cat": "DataFlow",
            "name": "SparseToDense_31",
            "pid": 1,
            "tid": 1,
            "ts": 1538477793513834,
            "id": 80
        },
        {
            "ph": "X",
            "cat": "Op",
            "name": "_Retval",
            "pid": 1,
            "tid": 0,
            "ts": 1538477793513839,
            "dur": 2,
            "args": {
                "name": "_retval_SparseToDense_38_0_31",
                "op": "_Retval",
                "input0": "SparseToDense_38"
            }
        },
        {
            "ph": "s",
            "cat": "DataFlow",
            "name": "SparseToDense_38",
            "pid": 1,
            "tid": 6,
            "ts": 1538477793513836,
            "id": 81
        },
        {
            "ph": "t",
            "cat": "DataFlow",
            "name": "SparseToDense_38",
            "pid": 1,
            "tid": 0,
            "ts": 1538477793513839,
            "id": 81
        },
        {
            "ph": "X",
            "cat": "Op",
            "name": "SparseToDense",
            "pid": 1,
            "tid": 3,
            "ts": 1538477793513820,
            "dur": 22,
            "args": {
                "name": "SparseToDense_7",
                "op": "SparseToDense",
                "input0": "StringSplit_16",
                "input1": "StringSplit_16:2",
                "input2": "hash_table_Lookup_4",
                "input3": "SparseToDense/default_value"
            }
        },
        {
            "ph": "s",
            "cat": "DataFlow",
            "name": "hash_table_Lookup_4",
            "pid": 1,
            "tid": 1,
            "ts": 1538477793513672,
            "id": 82
        },
        {
            "ph": "t",
            "cat": "DataFlow",
            "name": "hash_table_Lookup_4",
            "pid": 1,
            "tid": 3,
            "ts": 1538477793513820,
            "id": 82
        },
        {
            "ph": "s",
            "cat": "DataFlow",
            "name": "SparseToDense/default_value",
            "pid": 1,
            "tid": 0,
            "ts": 1538477793513471,
            "id": 83
        },
        {
            "ph": "t",
            "cat": "DataFlow",
            "name": "SparseToDense/default_value",
            "pid": 1,
            "tid": 3,
            "ts": 1538477793513820,
            "id": 83
        },
        {
            "ph": "X",
            "cat": "Op",
            "name": "_Retval",
            "pid": 1,
            "tid": 1,
            "ts": 1538477793513838,
            "dur": 3,
            "args": {
                "name": "_retval_SparseToDense_11_0_2",
                "op": "_Retval",
                "input0": "SparseToDense_11"
            }
        },
        {
            "ph": "X",
            "cat": "Op",
            "name": "LookupTableFindV2",
            "pid": 1,
            "tid": 2,
            "ts": 1538477793513829,
            "dur": 14,
            "args": {
                "name": "hash_table_Lookup_10",
                "op": "LookupTableFindV2",
                "input0": "string_to_index/hash_table",
                "input1": "StringSplit_7:1",
                "input2": "string_to_index_1/hash_table/Const"
            }
        },
        {
            "ph": "s",
            "cat": "DataFlow",
            "name": "string_to_index_1/hash_table/Const",
            "pid": 1,
            "tid": 0,
            "ts": 1538477793513464,
            "id": 84
        },
        {
            "ph": "t",
            "cat": "DataFlow",
            "name": "string_to_index_1/hash_table/Const",
            "pid": 1,
            "tid": 2,
            "ts": 1538477793513829,
            "id": 84
        },
        {
            "ph": "X",
            "cat": "Op",
            "name": "_Retval",
            "pid": 1,
            "tid": 0,
            "ts": 1538477793513845,
            "dur": 2,
            "args": {
                "name": "_retval_SparseToDense_35_0_28",
                "op": "_Retval",
                "input0": "SparseToDense_35"
            }
        },
        {
            "ph": "X",
            "cat": "Op",
            "name": "_Retval",
            "pid": 1,
            "tid": 0,
            "ts": 1538477793513848,
            "dur": 1,
            "args": {
                "name": "_retval_SparseToDense_15_0_6",
                "op": "_Retval",
                "input0": "SparseToDense_15"
            }
        },
        {
            "ph": "X",
            "cat": "Op",
            "name": "_Retval",
            "pid": 1,
            "tid": 0,
            "ts": 1538477793513851,
            "dur": 1,
            "args": {
                "name": "_retval_SparseToDense_39_0_32",
                "op": "_Retval",
                "input0": "SparseToDense_39"
            }
        },
        {
            "ph": "X",
            "cat": "Op",
            "name": "SparseToDense",
            "pid": 1,
            "tid": 1,
            "ts": 1538477793513846,
            "dur": 6,
            "args": {
                "name": "SparseToDense_19",
                "op": "SparseToDense",
                "input0": "StringSplit_7",
                "input1": "StringSplit_7:2",
                "input2": "hash_table_Lookup_10",
                "input3": "SparseToDense/default_value"
            }
        },
        {
            "ph": "s",
            "cat": "DataFlow",
            "name": "hash_table_Lookup_10",
            "pid": 1,
            "tid": 2,
            "ts": 1538477793513843,
            "id": 85
        },
        {
            "ph": "t",
            "cat": "DataFlow",
            "name": "hash_table_Lookup_10",
            "pid": 1,
            "tid": 1,
            "ts": 1538477793513846,
            "id": 85
        },
        {
            "ph": "s",
            "cat": "DataFlow",
            "name": "SparseToDense/default_value",
            "pid": 1,
            "tid": 0,
            "ts": 1538477793513471,
            "id": 86
        },
        {
            "ph": "t",
            "cat": "DataFlow",
            "name": "SparseToDense/default_value",
            "pid": 1,
            "tid": 1,
            "ts": 1538477793513846,
            "id": 86
        },
        {
            "ph": "X",
            "cat": "Op",
            "name": "_Retval",
            "pid": 1,
            "tid": 0,
            "ts": 1538477793513853,
            "dur": 1,
            "args": {
                "name": "_retval_SparseToDense_16_0_7",
                "op": "_Retval",
                "input0": "SparseToDense_16"
            }
        },
        {
            "ph": "X",
            "cat": "Op",
            "name": "_Retval",
            "pid": 1,
            "tid": 1,
            "ts": 1538477793513854,
            "dur": 1,
            "args": {
                "name": "_retval_SparseToDense_19_0_10",
                "op": "_Retval",
                "input0": "SparseToDense_19"
            }
        },
        {
            "ph": "X",
            "cat": "Op",
            "name": "_Retval",
            "pid": 1,
            "tid": 2,
            "ts": 1538477793513845,
            "dur": 1,
            "args": {
                "name": "_retval_SparseToDense_7_0_39",
                "op": "_Retval",
                "input0": "SparseToDense_7"
            }
        },
        {
            "ph": "s",
            "cat": "DataFlow",
            "name": "SparseToDense_7",
            "pid": 1,
            "tid": 3,
            "ts": 1538477793513842,
            "id": 87
        },
        {
            "ph": "t",
            "cat": "DataFlow",
            "name": "SparseToDense_7",
            "pid": 1,
            "tid": 2,
            "ts": 1538477793513845,
            "id": 87
        },
        {
            "ph": "X",
            "cat": "Op",
            "name": "_Retval",
            "pid": 1,
            "tid": 0,
            "ts": 1538477793513855,
            "dur": 1,
            "args": {
                "name": "_retval_SparseToDense_40_0_34",
                "op": "_Retval",
                "input0": "SparseToDense_40"
            }
        },
        {
            "ph": "X",
            "cat": "Op",
            "name": "_Retval",
            "pid": 1,
            "tid": 0,
            "ts": 1538477793513858,
            "dur": 1,
            "args": {
                "name": "_retval_SparseToDense_17_0_8",
                "op": "_Retval",
                "input0": "SparseToDense_17"
            }
        },
        {
            "ph": "X",
            "cat": "Op",
            "name": "_Retval",
            "pid": 1,
            "tid": 0,
            "ts": 1538477793513860,
            "dur": 0,
            "args": {
                "name": "_retval_SparseToDense_41_0_35",
                "op": "_Retval",
                "input0": "SparseToDense_41"
            }
        },
        {
            "ph": "X",
            "cat": "Op",
            "name": "_Retval",
            "pid": 1,
            "tid": 0,
            "ts": 1538477793513862,
            "dur": 0,
            "args": {
                "name": "_retval_SparseToDense_21_0_13",
                "op": "_Retval",
                "input0": "SparseToDense_21"
            }
        },
        {
            "ph": "X",
            "cat": "Op",
            "name": "_Retval",
            "pid": 1,
            "tid": 0,
            "ts": 1538477793513863,
            "dur": 1,
            "args": {
                "name": "_retval_SparseToDense_22_0_14",
                "op": "_Retval",
                "input0": "SparseToDense_22"
            }
        },
        {
            "ph": "X",
            "cat": "Op",
            "name": "_Retval",
            "pid": 1,
            "tid": 0,
            "ts": 1538477793513865,
            "dur": 1,
            "args": {
                "name": "_retval_SparseToDense_23_0_15",
                "op": "_Retval",
                "input0": "SparseToDense_23"
            }
        },
        {
            "ph": "X",
            "cat": "Op",
            "name": "_Retval",
            "pid": 1,
            "tid": 0,
            "ts": 1538477793513867,
            "dur": 0,
            "args": {
                "name": "_retval_SparseToDense_27_0_19",
                "op": "_Retval",
                "input0": "SparseToDense_27"
            }
        },
        {
            "ph": "X",
            "cat": "Op",
            "name": "_Retval",
            "pid": 1,
            "tid": 0,
            "ts": 1538477793513868,
            "dur": 1,
            "args": {
                "name": "_retval_SparseToDense_3_0_33",
                "op": "_Retval",
                "input0": "SparseToDense_3"
            }
        },
        {
            "ph": "X",
            "cat": "Op",
            "name": "_Retval",
            "pid": 1,
            "tid": 0,
            "ts": 1538477793513870,
            "dur": 1,
            "args": {
                "name": "_retval_SparseToDense_28_0_20",
                "op": "_Retval",
                "input0": "SparseToDense_28"
            }
        },
        {
            "ph": "X",
            "cat": "Op",
            "name": "_Retval",
            "pid": 1,
            "tid": 0,
            "ts": 1538477793513872,
            "dur": 1,
            "args": {
                "name": "_retval_SparseToDense_4_0_36",
                "op": "_Retval",
                "input0": "SparseToDense_4"
            }
        },
        {
            "ph": "X",
            "cat": "Op",
            "name": "_Retval",
            "pid": 1,
            "tid": 0,
            "ts": 1538477793513874,
            "dur": 0,
            "args": {
                "name": "_retval_SparseToDense_29_0_21",
                "op": "_Retval",
                "input0": "SparseToDense_29"
            }
        },
        {
            "ph": "X",
            "cat": "Op",
            "name": "_Retval",
            "pid": 1,
            "tid": 0,
            "ts": 1538477793513875,
            "dur": 1,
            "args": {
                "name": "_retval_SparseToDense_5_0_37",
                "op": "_Retval",
                "input0": "SparseToDense_5"
            }
        },
        {
            "ph": "X",
            "cat": "Op",
            "name": "_Retval",
            "pid": 1,
            "tid": 0,
            "ts": 1538477793513877,
            "dur": 1,
            "args": {
                "name": "_retval_SparseToDense_33_0_26",
                "op": "_Retval",
                "input0": "SparseToDense_33"
            }
        },
        {
            "ph": "X",
            "cat": "Op",
            "name": "_Retval",
            "pid": 1,
            "tid": 0,
            "ts": 1538477793513880,
            "dur": 3,
            "args": {
                "name": "_retval_SparseToDense_9_0_41",
                "op": "_Retval",
                "input0": "SparseToDense_9"
            }
        }
    ]
}