{
    "traceEvents": [
        {
            "name": "process_name",
            "ph": "M",
            "pid": 0,
            "args": {
                "name": "Allocators"
            }
        },
        {
            "name": "process_name",
            "ph": "M",
            "pid": 1,
            "args": {
                "name": "/job:localhost/replica:0/task:0/device:CPU:0 Compute"
            }
        },
        {
            "name": "process_name",
            "ph": "M",
            "pid": 2,
            "args": {
                "name": "/job:localhost/replica:0/task:0/device:CPU:0 Tensors"
            }
        },
        {
            "ph": "X",
            "cat": "Op",
            "name": "NoOp",
            "pid": 1,
            "tid": 0,
            "ts": 1538571933645133,
            "dur": 6,
            "args": {
                "name": "_SOURCE",
                "op": "NoOp"
            }
        },
        {
            "ph": "X",
            "cat": "Op",
            "name": "Const",
            "pid": 1,
            "tid": 0,
            "ts": 1538571933645150,
            "dur": 9,
            "args": {
                "name": "string_to_index_1/hash_table/Const",
                "op": "Const"
            }
        },
        {
            "ph": "X",
            "cat": "Op",
            "name": "Const",
            "pid": 1,
            "tid": 0,
            "ts": 1538571933645161,
            "dur": 3,
            "args": {
                "name": "SparseToDense/default_value",
                "op": "Const"
            }
        },
        {
            "ph": "X",
            "cat": "Op",
            "name": "Const",
            "pid": 1,
            "tid": 0,
            "ts": 1538571933645165,
            "dur": 3,
            "args": {
                "name": "SparseToDense_10/_0__cf__0",
                "op": "Const"
            }
        },
        {
            "ph": "X",
            "cat": "Op",
            "name": "Const",
            "pid": 1,
            "tid": 0,
            "ts": 1538571933645169,
            "dur": 3,
            "args": {
                "name": "SparseToDense_11/_1__cf__1",
                "op": "Const"
            }
        },
        {
            "ph": "X",
            "cat": "Op",
            "name": "Const",
            "pid": 1,
            "tid": 0,
            "ts": 1538571933645173,
            "dur": 3,
            "args": {
                "name": "SparseToDense_15/_2__cf__2",
                "op": "Const"
            }
        },
        {
            "ph": "X",
            "cat": "Op",
            "name": "Const",
            "pid": 1,
            "tid": 1,
            "ts": 1538571933645176,
            "dur": 3,
            "args": {
                "name": "SparseToDense_16/_3__cf__3",
                "op": "Const"
            }
        },
        {
            "ph": "X",
            "cat": "Op",
            "name": "Const",
            "pid": 1,
            "tid": 0,
            "ts": 1538571933645180,
            "dur": 2,
            "args": {
                "name": "SparseToDense_17/_4__cf__4",
                "op": "Const"
            }
        },
        {
            "ph": "X",
            "cat": "Op",
            "name": "Const",
            "pid": 1,
            "tid": 0,
            "ts": 1538571933645183,
            "dur": 3,
            "args": {
                "name": "SparseToDense_21/_5__cf__5",
                "op": "Const"
            }
        },
        {
            "ph": "X",
            "cat": "Op",
            "name": "HashTableV2",
            "pid": 1,
            "tid": 2,
            "ts": 1538571933645159,
            "dur": 26,
            "args": {
                "name": "string_to_index_1/hash_table",
                "op": "HashTableV2"
            }
        },
        {
            "ph": "X",
            "cat": "Op",
            "name": "Const",
            "pid": 1,
            "tid": 0,
            "ts": 1538571933645187,
            "dur": 7,
            "args": {
                "name": "SparseToDense_22/_6__cf__6",
                "op": "Const"
            }
        },
        {
            "ph": "X",
            "cat": "Op",
            "name": "Const",
            "pid": 1,
            "tid": 0,
            "ts": 1538571933645195,
            "dur": 2,
            "args": {
                "name": "SparseToDense_23/_7__cf__7",
                "op": "Const"
            }
        },
        {
            "ph": "X",
            "cat": "Op",
            "name": "Const",
            "pid": 1,
            "tid": 0,
            "ts": 1538571933645198,
            "dur": 3,
            "args": {
                "name": "SparseToDense_27/_8__cf__8",
                "op": "Const"
            }
        },
        {
            "ph": "X",
            "cat": "Op",
            "name": "Const",
            "pid": 1,
            "tid": 0,
            "ts": 1538571933645202,
            "dur": 2,
            "args": {
                "name": "SparseToDense_28/_9__cf__9",
                "op": "Const"
            }
        },
        {
            "ph": "X",
            "cat": "Op",
            "name": "HashTableV2",
            "pid": 1,
            "tid": 1,
            "ts": 1538571933645182,
            "dur": 21,
            "args": {
                "name": "string_to_index/hash_table",
                "op": "HashTableV2"
            }
        },
        {
            "ph": "X",
            "cat": "Op",
            "name": "Const",
            "pid": 1,
            "tid": 0,
            "ts": 1538571933645205,
            "dur": 5,
            "args": {
                "name": "SparseToDense_29/_10__cf__10",
                "op": "Const"
            }
        },
        {
            "ph": "X",
            "cat": "Op",
            "name": "Const",
            "pid": 1,
            "tid": 0,
            "ts": 1538571933645211,
            "dur": 3,
            "args": {
                "name": "SparseToDense_33/_12__cf__12",
                "op": "Const"
            }
        },
        {
            "ph": "X",
            "cat": "Op",
            "name": "Const",
            "pid": 1,
            "tid": 0,
            "ts": 1538571933645215,
            "dur": 3,
            "args": {
                "name": "StringSplit_10/_21__cf__21",
                "op": "Const"
            }
        },
        {
            "ph": "X",
            "cat": "Op",
            "name": "Const",
            "pid": 1,
            "tid": 0,
            "ts": 1538571933645225,
            "dur": 3,
            "args": {
                "name": "StringSplit_10/_23__cf__23",
                "op": "Const"
            }
        },
        {
            "ph": "X",
            "cat": "Op",
            "name": "Const",
            "pid": 1,
            "tid": 0,
            "ts": 1538571933645229,
            "dur": 2,
            "args": {
                "name": "StringSplit_11/_24__cf__24",
                "op": "Const"
            }
        },
        {
            "ph": "X",
            "cat": "Op",
            "name": "Const",
            "pid": 1,
            "tid": 0,
            "ts": 1538571933645232,
            "dur": 2,
            "args": {
                "name": "StringSplit_11/_25__cf__25",
                "op": "Const"
            }
        },
        {
            "ph": "X",
            "cat": "Op",
            "name": "Const",
            "pid": 1,
            "tid": 1,
            "ts": 1538571933645234,
            "dur": 2,
            "args": {
                "name": "StringSplit_11/_26__cf__26",
                "op": "Const"
            }
        },
        {
            "ph": "X",
            "cat": "Op",
            "name": "Const",
            "pid": 1,
            "tid": 0,
            "ts": 1538571933645240,
            "dur": 3,
            "args": {
                "name": "StringSplit_12/_27__cf__27",
                "op": "Const"
            }
        },
        {
            "ph": "X",
            "cat": "Op",
            "name": "Const",
            "pid": 1,
            "tid": 0,
            "ts": 1538571933645244,
            "dur": 2,
            "args": {
                "name": "StringSplit_12/_28__cf__28",
                "op": "Const"
            }
        },
        {
            "ph": "X",
            "cat": "Op",
            "name": "Const",
            "pid": 1,
            "tid": 0,
            "ts": 1538571933645254,
            "dur": 4,
            "args": {
                "name": "StringSplit_12/_29__cf__29",
                "op": "Const"
            }
        },
        {
            "ph": "X",
            "cat": "Op",
            "name": "Const",
            "pid": 1,
            "tid": 0,
            "ts": 1538571933645259,
            "dur": 4,
            "args": {
                "name": "StringSplit_13/_30__cf__30",
                "op": "Const"
            }
        },
        {
            "ph": "X",
            "cat": "Op",
            "name": "Const",
            "pid": 1,
            "tid": 0,
            "ts": 1538571933645264,
            "dur": 4,
            "args": {
                "name": "StringSplit_13/_31__cf__31",
                "op": "Const"
            }
        },
        {
            "ph": "X",
            "cat": "Op",
            "name": "Const",
            "pid": 1,
            "tid": 0,
            "ts": 1538571933645277,
            "dur": 2,
            "args": {
                "name": "StringSplit_13/_32__cf__32",
                "op": "Const"
            }
        },
        {
            "ph": "X",
            "cat": "Op",
            "name": "Const",
            "pid": 1,
            "tid": 0,
            "ts": 1538571933645280,
            "dur": 3,
            "args": {
                "name": "StringSplit_15/_34__cf__34",
                "op": "Const"
            }
        },
        {
            "ph": "X",
            "cat": "Op",
            "name": "Const",
            "pid": 1,
            "tid": 0,
            "ts": 1538571933645284,
            "dur": 3,
            "args": {
                "name": "StringSplit_15/_35__cf__35",
                "op": "Const"
            }
        },
        {
            "ph": "X",
            "cat": "Op",
            "name": "Const",
            "pid": 1,
            "tid": 0,
            "ts": 1538571933645288,
            "dur": 2,
            "args": {
                "name": "StringSplit_16/_36__cf__36",
                "op": "Const"
            }
        },
        {
            "ph": "X",
            "cat": "Op",
            "name": "Const",
            "pid": 1,
            "tid": 0,
            "ts": 1538571933645291,
            "dur": 2,
            "args": {
                "name": "StringSplit_18/_41__cf__41",
                "op": "Const"
            }
        },
        {
            "ph": "X",
            "cat": "Op",
            "name": "Const",
            "pid": 1,
            "tid": 0,
            "ts": 1538571933645295,
            "dur": 2,
            "args": {
                "name": "StringSplit_19/_42__cf__42",
                "op": "Const"
            }
        },
        {
            "ph": "X",
            "cat": "Op",
            "name": "Const",
            "pid": 1,
            "tid": 0,
            "ts": 1538571933645298,
            "dur": 3,
            "args": {
                "name": "StringSplit_19/_43__cf__43",
                "op": "Const"
            }
        },
        {
            "ph": "X",
            "cat": "Op",
            "name": "Const",
            "pid": 1,
            "tid": 0,
            "ts": 1538571933645302,
            "dur": 2,
            "args": {
                "name": "StringSplit_19/_44__cf__44",
                "op": "Const"
            }
        },
        {
            "ph": "X",
            "cat": "Op",
            "name": "Const",
            "pid": 1,
            "tid": 0,
            "ts": 1538571933645305,
            "dur": 2,
            "args": {
                "name": "StringSplit_2/_45__cf__45",
                "op": "Const"
            }
        },
        {
            "ph": "X",
            "cat": "Op",
            "name": "Const",
            "pid": 1,
            "tid": 0,
            "ts": 1538571933645309,
            "dur": 2,
            "args": {
                "name": "StringSplit_3/_48__cf__48",
                "op": "Const"
            }
        },
        {
            "ph": "X",
            "cat": "Op",
            "name": "Const",
            "pid": 1,
            "tid": 0,
            "ts": 1538571933645312,
            "dur": 2,
            "args": {
                "name": "StringSplit_3/_49__cf__49",
                "op": "Const"
            }
        },
        {
            "ph": "X",
            "cat": "Op",
            "name": "Const",
            "pid": 1,
            "tid": 0,
            "ts": 1538571933645315,
            "dur": 2,
            "args": {
                "name": "StringSplit_3/_50__cf__50",
                "op": "Const"
            }
        },
        {
            "ph": "X",
            "cat": "Op",
            "name": "Const",
            "pid": 1,
            "tid": 0,
            "ts": 1538571933645318,
            "dur": 2,
            "args": {
                "name": "StringSplit_6/_51__cf__51",
                "op": "Const"
            }
        },
        {
            "ph": "X",
            "cat": "Op",
            "name": "Const",
            "pid": 1,
            "tid": 0,
            "ts": 1538571933645322,
            "dur": 2,
            "args": {
                "name": "StringSplit_6/_52__cf__52",
                "op": "Const"
            }
        },
        {
            "ph": "X",
            "cat": "Op",
            "name": "Const",
            "pid": 1,
            "tid": 0,
            "ts": 1538571933645325,
            "dur": 2,
            "args": {
                "name": "StringSplit_6/_53__cf__53",
                "op": "Const"
            }
        },
        {
            "ph": "X",
            "cat": "Op",
            "name": "Const",
            "pid": 1,
            "tid": 0,
            "ts": 1538571933645328,
            "dur": 2,
            "args": {
                "name": "StringSplit_7/_54__cf__54",
                "op": "Const"
            }
        },
        {
            "ph": "X",
            "cat": "Op",
            "name": "_Retval",
            "pid": 1,
            "tid": 0,
            "ts": 1538571933645331,
            "dur": 1,
            "args": {
                "name": "_retval_SparseToDense_10_0_1",
                "op": "_Retval",
                "input0": "SparseToDense_10"
            }
        },
        {
            "ph": "X",
            "cat": "Op",
            "name": "_Retval",
            "pid": 1,
            "tid": 0,
            "ts": 1538571933645334,
            "dur": 1,
            "args": {
                "name": "_retval_SparseToDense_34_0_27",
                "op": "_Retval",
                "input0": "SparseToDense_34"
            }
        },
        {
            "ph": "X",
            "cat": "Op",
            "name": "_Retval",
            "pid": 1,
            "tid": 1,
            "ts": 1538571933645335,
            "dur": 1,
            "args": {
                "name": "_retval_SparseToDense_11_0_2",
                "op": "_Retval",
                "input0": "SparseToDense_11"
            }
        },
        {
            "ph": "X",
            "cat": "Op",
            "name": "_Retval",
            "pid": 1,
            "tid": 0,
            "ts": 1538571933645337,
            "dur": 0,
            "args": {
                "name": "_retval_SparseToDense_35_0_28",
                "op": "_Retval",
                "input0": "SparseToDense_35"
            }
        },
        {
            "ph": "X",
            "cat": "Op",
            "name": "_Retval",
            "pid": 1,
            "tid": 0,
            "ts": 1538571933645338,
            "dur": 1,
            "args": {
                "name": "_retval_SparseToDense_15_0_6",
                "op": "_Retval",
                "input0": "SparseToDense_15"
            }
        },
        {
            "ph": "X",
            "cat": "Op",
            "name": "_Retval",
            "pid": 1,
            "tid": 0,
            "ts": 1538571933645340,
            "dur": 0,
            "args": {
                "name": "_retval_SparseToDense_39_0_32",
                "op": "_Retval",
                "input0": "SparseToDense_39"
            }
        },
        {
            "ph": "X",
            "cat": "Op",
            "name": "_Retval",
            "pid": 1,
            "tid": 0,
            "ts": 1538571933645341,
            "dur": 1,
            "args": {
                "name": "_retval_SparseToDense_16_0_7",
                "op": "_Retval",
                "input0": "SparseToDense_16"
            }
        },
        {
            "ph": "X",
            "cat": "Op",
            "name": "_Retval",
            "pid": 1,
            "tid": 1,
            "ts": 1538571933645342,
            "dur": 1,
            "args": {
                "name": "_retval_SparseToDense_40_0_34",
                "op": "_Retval",
                "input0": "SparseToDense_40"
            }
        },
        {
            "ph": "X",
            "cat": "Op",
            "name": "_Retval",
            "pid": 1,
            "tid": 0,
            "ts": 1538571933645344,
            "dur": 0,
            "args": {
                "name": "_retval_SparseToDense_17_0_8",
                "op": "_Retval",
                "input0": "SparseToDense_17"
            }
        },
        {
            "ph": "X",
            "cat": "Op",
            "name": "_Retval",
            "pid": 1,
            "tid": 0,
            "ts": 1538571933645345,
            "dur": 1,
            "args": {
                "name": "_retval_SparseToDense_41_0_35",
                "op": "_Retval",
                "input0": "SparseToDense_41"
            }
        },
        {
            "ph": "X",
            "cat": "Op",
            "name": "_Retval",
            "pid": 1,
            "tid": 0,
            "ts": 1538571933645347,
            "dur": 0,
            "args": {
                "name": "_retval_SparseToDense_21_0_13",
                "op": "_Retval",
                "input0": "SparseToDense_21"
            }
        },
        {
            "ph": "X",
            "cat": "Op",
            "name": "_Retval",
            "pid": 1,
            "tid": 0,
            "ts": 1538571933645348,
            "dur": 1,
            "args": {
                "name": "_retval_SparseToDense_22_0_14",
                "op": "_Retval",
                "input0": "SparseToDense_22"
            }
        },
        {
            "ph": "X",
            "cat": "Op",
            "name": "_Retval",
            "pid": 1,
            "tid": 0,
            "ts": 1538571933645350,
            "dur": 0,
            "args": {
                "name": "_retval_SparseToDense_23_0_15",
                "op": "_Retval",
                "input0": "SparseToDense_23"
            }
        },
        {
            "ph": "X",
            "cat": "Op",
            "name": "_Retval",
            "pid": 1,
            "tid": 0,
            "ts": 1538571933645351,
            "dur": 1,
            "args": {
                "name": "_retval_SparseToDense_27_0_19",
                "op": "_Retval",
                "input0": "SparseToDense_27"
            }
        },
        {
            "ph": "X",
            "cat": "Op",
            "name": "_Retval",
            "pid": 1,
            "tid": 1,
            "ts": 1538571933645352,
            "dur": 1,
            "args": {
                "name": "_retval_SparseToDense_3_0_33",
                "op": "_Retval",
                "input0": "SparseToDense_3"
            }
        },
        {
            "ph": "X",
            "cat": "Op",
            "name": "_Retval",
            "pid": 1,
            "tid": 0,
            "ts": 1538571933645354,
            "dur": 1,
            "args": {
                "name": "_retval_SparseToDense_28_0_20",
                "op": "_Retval",
                "input0": "SparseToDense_28"
            }
        },
        {
            "ph": "X",
            "cat": "Op",
            "name": "_Retval",
            "pid": 1,
            "tid": 1,
            "ts": 1538571933645355,
            "dur": 1,
            "args": {
                "name": "_retval_SparseToDense_4_0_36",
                "op": "_Retval",
                "input0": "SparseToDense_4"
            }
        },
        {
            "ph": "X",
            "cat": "Op",
            "name": "_Retval",
            "pid": 1,
            "tid": 0,
            "ts": 1538571933645357,
            "dur": 0,
            "args": {
                "name": "_retval_SparseToDense_29_0_21",
                "op": "_Retval",
                "input0": "SparseToDense_29"
            }
        },
        {
            "ph": "X",
            "cat": "Op",
            "name": "_Retval",
            "pid": 1,
            "tid": 0,
            "ts": 1538571933645358,
            "dur": 1,
            "args": {
                "name": "_retval_SparseToDense_5_0_37",
                "op": "_Retval",
                "input0": "SparseToDense_5"
            }
        },
        {
            "ph": "X",
            "cat": "Op",
            "name": "_Retval",
            "pid": 1,
            "tid": 0,
            "ts": 1538571933645360,
            "dur": 0,
            "args": {
                "name": "_retval_SparseToDense_33_0_26",
                "op": "_Retval",
                "input0": "SparseToDense_33"
            }
        },
        {
            "ph": "X",
            "cat": "Op",
            "name": "_Retval",
            "pid": 1,
            "tid": 0,
            "ts": 1538571933645362,
            "dur": 0,
            "args": {
                "name": "_retval_SparseToDense_9_0_41",
                "op": "_Retval",
                "input0": "SparseToDense_9"
            }
        },
        {
            "ph": "X",
            "cat": "Op",
            "name": "LookupTableFindV2",
            "pid": 1,
            "tid": 2,
            "ts": 1538571933645228,
            "dur": 394,
            "args": {
                "name": "hash_table_Lookup_8",
                "op": "LookupTableFindV2",
                "input0": "string_to_index/hash_table",
                "input1": "StringSplit_10:1",
                "input2": "string_to_index_1/hash_table/Const"
            }
        },
        {
            "ph": "s",
            "cat": "DataFlow",
            "name": "string_to_index/hash_table",
            "pid": 1,
            "tid": 1,
            "ts": 1538571933645203,
            "id": 0
        },
        {
            "ph": "t",
            "cat": "DataFlow",
            "name": "string_to_index/hash_table",
            "pid": 1,
            "tid": 2,
            "ts": 1538571933645228,
            "id": 0
        },
        {
            "ph": "s",
            "cat": "DataFlow",
            "name": "string_to_index_1/hash_table/Const",
            "pid": 1,
            "tid": 0,
            "ts": 1538571933645159,
            "id": 1
        },
        {
            "ph": "t",
            "cat": "DataFlow",
            "name": "string_to_index_1/hash_table/Const",
            "pid": 1,
            "tid": 2,
            "ts": 1538571933645228,
            "id": 1
        },
        {
            "ph": "X",
            "cat": "Op",
            "name": "LookupTableFindV2",
            "pid": 1,
            "tid": 3,
            "ts": 1538571933645263,
            "dur": 362,
            "args": {
                "name": "hash_table_Lookup_11",
                "op": "LookupTableFindV2",
                "input0": "string_to_index/hash_table",
                "input1": "StringSplit_11:1",
                "input2": "string_to_index_1/hash_table/Const"
            }
        },
        {
            "ph": "s",
            "cat": "DataFlow",
            "name": "string_to_index/hash_table",
            "pid": 1,
            "tid": 1,
            "ts": 1538571933645203,
            "id": 2
        },
        {
            "ph": "t",
            "cat": "DataFlow",
            "name": "string_to_index/hash_table",
            "pid": 1,
            "tid": 3,
            "ts": 1538571933645263,
            "id": 2
        },
        {
            "ph": "s",
            "cat": "DataFlow",
            "name": "string_to_index_1/hash_table/Const",
            "pid": 1,
            "tid": 0,
            "ts": 1538571933645159,
            "id": 3
        },
        {
            "ph": "t",
            "cat": "DataFlow",
            "name": "string_to_index_1/hash_table/Const",
            "pid": 1,
            "tid": 3,
            "ts": 1538571933645263,
            "id": 3
        },
        {
            "ph": "X",
            "cat": "Op",
            "name": "LookupTableFindV2",
            "pid": 1,
            "tid": 4,
            "ts": 1538571933645266,
            "dur": 360,
            "args": {
                "name": "hash_table_Lookup",
                "op": "LookupTableFindV2",
                "input0": "string_to_index/hash_table",
                "input1": "StringSplit_12:1",
                "input2": "string_to_index_1/hash_table/Const"
            }
        },
        {
            "ph": "s",
            "cat": "DataFlow",
            "name": "string_to_index/hash_table",
            "pid": 1,
            "tid": 1,
            "ts": 1538571933645203,
            "id": 4
        },
        {
            "ph": "t",
            "cat": "DataFlow",
            "name": "string_to_index/hash_table",
            "pid": 1,
            "tid": 4,
            "ts": 1538571933645266,
            "id": 4
        },
        {
            "ph": "s",
            "cat": "DataFlow",
            "name": "string_to_index_1/hash_table/Const",
            "pid": 1,
            "tid": 0,
            "ts": 1538571933645159,
            "id": 5
        },
        {
            "ph": "t",
            "cat": "DataFlow",
            "name": "string_to_index_1/hash_table/Const",
            "pid": 1,
            "tid": 4,
            "ts": 1538571933645266,
            "id": 5
        },
        {
            "ph": "X",
            "cat": "Op",
            "name": "LookupTableFindV2",
            "pid": 1,
            "tid": 5,
            "ts": 1538571933645283,
            "dur": 344,
            "args": {
                "name": "hash_table_Lookup_15",
                "op": "LookupTableFindV2",
                "input0": "string_to_index_1/hash_table",
                "input1": "StringSplit_13:1",
                "input2": "string_to_index_1/hash_table/Const"
            }
        },
        {
            "ph": "s",
            "cat": "DataFlow",
            "name": "string_to_index_1/hash_table",
            "pid": 1,
            "tid": 2,
            "ts": 1538571933645185,
            "id": 6
        },
        {
            "ph": "t",
            "cat": "DataFlow",
            "name": "string_to_index_1/hash_table",
            "pid": 1,
            "tid": 5,
            "ts": 1538571933645283,
            "id": 6
        },
        {
            "ph": "s",
            "cat": "DataFlow",
            "name": "string_to_index_1/hash_table/Const",
            "pid": 1,
            "tid": 0,
            "ts": 1538571933645159,
            "id": 7
        },
        {
            "ph": "t",
            "cat": "DataFlow",
            "name": "string_to_index_1/hash_table/Const",
            "pid": 1,
            "tid": 5,
            "ts": 1538571933645283,
            "id": 7
        },
        {
            "ph": "X",
            "cat": "Op",
            "name": "LookupTableFindV2",
            "pid": 1,
            "tid": 6,
            "ts": 1538571933645258,
            "dur": 363,
            "args": {
                "name": "hash_table_Lookup_20",
                "op": "LookupTableFindV2",
                "input0": "string_to_index_1/hash_table",
                "input1": "StringSplit_10:1",
                "input2": "string_to_index_1/hash_table/Const"
            }
        },
        {
            "ph": "s",
            "cat": "DataFlow",
            "name": "string_to_index_1/hash_table",
            "pid": 1,
            "tid": 2,
            "ts": 1538571933645185,
            "id": 8
        },
        {
            "ph": "t",
            "cat": "DataFlow",
            "name": "string_to_index_1/hash_table",
            "pid": 1,
            "tid": 6,
            "ts": 1538571933645258,
            "id": 8
        },
        {
            "ph": "s",
            "cat": "DataFlow",
            "name": "string_to_index_1/hash_table/Const",
            "pid": 1,
            "tid": 0,
            "ts": 1538571933645159,
            "id": 9
        },
        {
            "ph": "t",
            "cat": "DataFlow",
            "name": "string_to_index_1/hash_table/Const",
            "pid": 1,
            "tid": 6,
            "ts": 1538571933645258,
            "id": 9
        },
        {
            "ph": "X",
            "cat": "Op",
            "name": "SparseToDense",
            "pid": 1,
            "tid": 0,
            "ts": 1538571933645632,
            "dur": 12,
            "args": {
                "name": "SparseToDense_30",
                "op": "SparseToDense",
                "input0": "StringSplit_13",
                "input1": "StringSplit_13:2",
                "input2": "hash_table_Lookup_15",
                "input3": "SparseToDense/default_value"
            }
        },
        {
            "ph": "s",
            "cat": "DataFlow",
            "name": "hash_table_Lookup_15",
            "pid": 1,
            "tid": 5,
            "ts": 1538571933645627,
            "id": 10
        },
        {
            "ph": "t",
            "cat": "DataFlow",
            "name": "hash_table_Lookup_15",
            "pid": 1,
            "tid": 0,
            "ts": 1538571933645632,
            "id": 10
        },
        {
            "ph": "X",
            "cat": "Op",
            "name": "LookupTableFindV2",
            "pid": 1,
            "tid": 7,
            "ts": 1538571933645285,
            "dur": 358,
            "args": {
                "name": "hash_table_Lookup_3",
                "op": "LookupTableFindV2",
                "input0": "string_to_index/hash_table",
                "input1": "StringSplit_13:1",
                "input2": "string_to_index_1/hash_table/Const"
            }
        },
        {
            "ph": "s",
            "cat": "DataFlow",
            "name": "string_to_index/hash_table",
            "pid": 1,
            "tid": 1,
            "ts": 1538571933645203,
            "id": 11
        },
        {
            "ph": "t",
            "cat": "DataFlow",
            "name": "string_to_index/hash_table",
            "pid": 1,
            "tid": 7,
            "ts": 1538571933645285,
            "id": 11
        },
        {
            "ph": "s",
            "cat": "DataFlow",
            "name": "string_to_index_1/hash_table/Const",
            "pid": 1,
            "tid": 0,
            "ts": 1538571933645159,
            "id": 12
        },
        {
            "ph": "t",
            "cat": "DataFlow",
            "name": "string_to_index_1/hash_table/Const",
            "pid": 1,
            "tid": 7,
            "ts": 1538571933645285,
            "id": 12
        },
        {
            "ph": "X",
            "cat": "Op",
            "name": "SparseToDense",
            "pid": 1,
            "tid": 1,
            "ts": 1538571933645630,
            "dur": 15,
            "args": {
                "name": "SparseToDense_20",
                "op": "SparseToDense",
                "input0": "StringSplit_11",
                "input1": "StringSplit_11:2",
                "input2": "hash_table_Lookup_11",
                "input3": "SparseToDense/default_value"
            }
        },
        {
            "ph": "s",
            "cat": "DataFlow",
            "name": "hash_table_Lookup_11",
            "pid": 1,
            "tid": 3,
            "ts": 1538571933645625,
            "id": 13
        },
        {
            "ph": "t",
            "cat": "DataFlow",
            "name": "hash_table_Lookup_11",
            "pid": 1,
            "tid": 1,
            "ts": 1538571933645630,
            "id": 13
        },
        {
            "ph": "s",
            "cat": "DataFlow",
            "name": "SparseToDense/default_value",
            "pid": 1,
            "tid": 0,
            "ts": 1538571933645164,
            "id": 14
        },
        {
            "ph": "t",
            "cat": "DataFlow",
            "name": "SparseToDense/default_value",
            "pid": 1,
            "tid": 1,
            "ts": 1538571933645630,
            "id": 14
        },
        {
            "ph": "X",
            "cat": "Op",
            "name": "SparseToDense",
            "pid": 1,
            "tid": 2,
            "ts": 1538571933645630,
            "dur": 16,
            "args": {
                "name": "SparseToDense",
                "op": "SparseToDense",
                "input0": "StringSplit_12",
                "input1": "StringSplit_12:2",
                "input2": "hash_table_Lookup",
                "input3": "SparseToDense/default_value"
            }
        },
        {
            "ph": "s",
            "cat": "DataFlow",
            "name": "hash_table_Lookup",
            "pid": 1,
            "tid": 4,
            "ts": 1538571933645626,
            "id": 15
        },
        {
            "ph": "t",
            "cat": "DataFlow",
            "name": "hash_table_Lookup",
            "pid": 1,
            "tid": 2,
            "ts": 1538571933645630,
            "id": 15
        },
        {
            "ph": "s",
            "cat": "DataFlow",
            "name": "SparseToDense/default_value",
            "pid": 1,
            "tid": 0,
            "ts": 1538571933645164,
            "id": 16
        },
        {
            "ph": "t",
            "cat": "DataFlow",
            "name": "SparseToDense/default_value",
            "pid": 1,
            "tid": 2,
            "ts": 1538571933645630,
            "id": 16
        },
        {
            "ph": "X",
            "cat": "Op",
            "name": "_Retval",
            "pid": 1,
            "tid": 0,
            "ts": 1538571933645647,
            "dur": 2,
            "args": {
                "name": "_retval_SparseToDense_30_0_23",
                "op": "_Retval",
                "input0": "SparseToDense_30"
            }
        },
        {
            "ph": "X",
            "cat": "Op",
            "name": "_Retval",
            "pid": 1,
            "tid": 1,
            "ts": 1538571933645649,
            "dur": 1,
            "args": {
                "name": "_retval_SparseToDense_0_0",
                "op": "_Retval",
                "input0": "SparseToDense"
            }
        },
        {
            "ph": "s",
            "cat": "DataFlow",
            "name": "SparseToDense",
            "pid": 1,
            "tid": 2,
            "ts": 1538571933645646,
            "id": 17
        },
        {
            "ph": "t",
            "cat": "DataFlow",
            "name": "SparseToDense",
            "pid": 1,
            "tid": 1,
            "ts": 1538571933645649,
            "id": 17
        },
        {
            "ph": "X",
            "cat": "Op",
            "name": "_Retval",
            "pid": 1,
            "tid": 2,
            "ts": 1538571933645648,
            "dur": 3,
            "args": {
                "name": "_retval_SparseToDense_20_0_12",
                "op": "_Retval",
                "input0": "SparseToDense_20"
            }
        },
        {
            "ph": "s",
            "cat": "DataFlow",
            "name": "SparseToDense_20",
            "pid": 1,
            "tid": 1,
            "ts": 1538571933645645,
            "id": 18
        },
        {
            "ph": "t",
            "cat": "DataFlow",
            "name": "SparseToDense_20",
            "pid": 1,
            "tid": 2,
            "ts": 1538571933645648,
            "id": 18
        },
        {
            "ph": "X",
            "cat": "Op",
            "name": "SparseToDense",
            "pid": 1,
            "tid": 3,
            "ts": 1538571933645634,
            "dur": 20,
            "args": {
                "name": "SparseToDense_14",
                "op": "SparseToDense",
                "input0": "StringSplit_10",
                "input1": "StringSplit_10:2",
                "input2": "hash_table_Lookup_8",
                "input3": "SparseToDense/default_value"
            }
        },
        {
            "ph": "s",
            "cat": "DataFlow",
            "name": "hash_table_Lookup_8",
            "pid": 1,
            "tid": 2,
            "ts": 1538571933645622,
            "id": 19
        },
        {
            "ph": "t",
            "cat": "DataFlow",
            "name": "hash_table_Lookup_8",
            "pid": 1,
            "tid": 3,
            "ts": 1538571933645634,
            "id": 19
        },
        {
            "ph": "s",
            "cat": "DataFlow",
            "name": "SparseToDense/default_value",
            "pid": 1,
            "tid": 0,
            "ts": 1538571933645164,
            "id": 20
        },
        {
            "ph": "t",
            "cat": "DataFlow",
            "name": "SparseToDense/default_value",
            "pid": 1,
            "tid": 3,
            "ts": 1538571933645634,
            "id": 20
        },
        {
            "ph": "X",
            "cat": "Op",
            "name": "LookupTableFindV2",
            "pid": 1,
            "tid": 8,
            "ts": 1538571933645268,
            "dur": 360,
            "args": {
                "name": "hash_table_Lookup_12",
                "op": "LookupTableFindV2",
                "input0": "string_to_index_1/hash_table",
                "input1": "StringSplit_12:1",
                "input2": "string_to_index_1/hash_table/Const"
            }
        },
        {
            "ph": "s",
            "cat": "DataFlow",
            "name": "string_to_index_1/hash_table",
            "pid": 1,
            "tid": 2,
            "ts": 1538571933645185,
            "id": 21
        },
        {
            "ph": "t",
            "cat": "DataFlow",
            "name": "string_to_index_1/hash_table",
            "pid": 1,
            "tid": 8,
            "ts": 1538571933645268,
            "id": 21
        },
        {
            "ph": "s",
            "cat": "DataFlow",
            "name": "string_to_index_1/hash_table/Const",
            "pid": 1,
            "tid": 0,
            "ts": 1538571933645159,
            "id": 22
        },
        {
            "ph": "t",
            "cat": "DataFlow",
            "name": "string_to_index_1/hash_table/Const",
            "pid": 1,
            "tid": 8,
            "ts": 1538571933645268,
            "id": 22
        },
        {
            "ph": "X",
            "cat": "Op",
            "name": "_Retval",
            "pid": 1,
            "tid": 0,
            "ts": 1538571933645657,
            "dur": 1,
            "args": {
                "name": "_retval_SparseToDense_14_0_5",
                "op": "_Retval",
                "input0": "SparseToDense_14"
            }
        },
        {
            "ph": "s",
            "cat": "DataFlow",
            "name": "SparseToDense_14",
            "pid": 1,
            "tid": 3,
            "ts": 1538571933645654,
            "id": 23
        },
        {
            "ph": "t",
            "cat": "DataFlow",
            "name": "SparseToDense_14",
            "pid": 1,
            "tid": 0,
            "ts": 1538571933645657,
            "id": 23
        },
        {
            "ph": "X",
            "cat": "Op",
            "name": "SparseToDense",
            "pid": 1,
            "tid": 4,
            "ts": 1538571933645647,
            "dur": 13,
            "args": {
                "name": "SparseToDense_6",
                "op": "SparseToDense",
                "input0": "StringSplit_13",
                "input1": "StringSplit_13:2",
                "input2": "hash_table_Lookup_3",
                "input3": "SparseToDense/default_value"
            }
        },
        {
            "ph": "s",
            "cat": "DataFlow",
            "name": "hash_table_Lookup_3",
            "pid": 1,
            "tid": 7,
            "ts": 1538571933645643,
            "id": 24
        },
        {
            "ph": "t",
            "cat": "DataFlow",
            "name": "hash_table_Lookup_3",
            "pid": 1,
            "tid": 4,
            "ts": 1538571933645647,
            "id": 24
        },
        {
            "ph": "s",
            "cat": "DataFlow",
            "name": "SparseToDense/default_value",
            "pid": 1,
            "tid": 0,
            "ts": 1538571933645164,
            "id": 25
        },
        {
            "ph": "t",
            "cat": "DataFlow",
            "name": "SparseToDense/default_value",
            "pid": 1,
            "tid": 4,
            "ts": 1538571933645647,
            "id": 25
        },
        {
            "ph": "X",
            "cat": "Op",
            "name": "SparseToDense",
            "pid": 1,
            "tid": 5,
            "ts": 1538571933645649,
            "dur": 12,
            "args": {
                "name": "SparseToDense_38",
                "op": "SparseToDense",
                "input0": "StringSplit_10",
                "input1": "StringSplit_10:2",
                "input2": "hash_table_Lookup_20",
                "input3": "SparseToDense/default_value"
            }
        },
        {
            "ph": "s",
            "cat": "DataFlow",
            "name": "hash_table_Lookup_20",
            "pid": 1,
            "tid": 6,
            "ts": 1538571933645621,
            "id": 26
        },
        {
            "ph": "t",
            "cat": "DataFlow",
            "name": "hash_table_Lookup_20",
            "pid": 1,
            "tid": 5,
            "ts": 1538571933645649,
            "id": 26
        },
        {
            "ph": "s",
            "cat": "DataFlow",
            "name": "SparseToDense/default_value",
            "pid": 1,
            "tid": 0,
            "ts": 1538571933645164,
            "id": 27
        },
        {
            "ph": "t",
            "cat": "DataFlow",
            "name": "SparseToDense/default_value",
            "pid": 1,
            "tid": 5,
            "ts": 1538571933645649,
            "id": 27
        },
        {
            "ph": "X",
            "cat": "Op",
            "name": "_Retval",
            "pid": 1,
            "tid": 0,
            "ts": 1538571933645663,
            "dur": 2,
            "args": {
                "name": "_retval_SparseToDense_6_0_38",
                "op": "_Retval",
                "input0": "SparseToDense_6"
            }
        },
        {
            "ph": "s",
            "cat": "DataFlow",
            "name": "SparseToDense_6",
            "pid": 1,
            "tid": 4,
            "ts": 1538571933645660,
            "id": 28
        },
        {
            "ph": "t",
            "cat": "DataFlow",
            "name": "SparseToDense_6",
            "pid": 1,
            "tid": 0,
            "ts": 1538571933645663,
            "id": 28
        },
        {
            "ph": "X",
            "cat": "Op",
            "name": "LookupTableFindV2",
            "pid": 1,
            "tid": 9,
            "ts": 1538571933645364,
            "dur": 281,
            "args": {
                "name": "hash_table_Lookup_10",
                "op": "LookupTableFindV2",
                "input0": "string_to_index/hash_table",
                "input1": "StringSplit_7:1",
                "input2": "string_to_index_1/hash_table/Const"
            }
        },
        {
            "ph": "s",
            "cat": "DataFlow",
            "name": "string_to_index/hash_table",
            "pid": 1,
            "tid": 1,
            "ts": 1538571933645203,
            "id": 29
        },
        {
            "ph": "t",
            "cat": "DataFlow",
            "name": "string_to_index/hash_table",
            "pid": 1,
            "tid": 9,
            "ts": 1538571933645364,
            "id": 29
        },
        {
            "ph": "s",
            "cat": "DataFlow",
            "name": "string_to_index_1/hash_table/Const",
            "pid": 1,
            "tid": 0,
            "ts": 1538571933645159,
            "id": 30
        },
        {
            "ph": "t",
            "cat": "DataFlow",
            "name": "string_to_index_1/hash_table/Const",
            "pid": 1,
            "tid": 9,
            "ts": 1538571933645364,
            "id": 30
        },
        {
            "ph": "X",
            "cat": "Op",
            "name": "LookupTableFindV2",
            "pid": 1,
            "tid": 1,
            "ts": 1538571933645658,
            "dur": 11,
            "args": {
                "name": "hash_table_Lookup_16",
                "op": "LookupTableFindV2",
                "input0": "string_to_index_1/hash_table",
                "input1": "StringSplit_16:1",
                "input2": "string_to_index_1/hash_table/Const"
            }
        },
        {
            "ph": "s",
            "cat": "DataFlow",
            "name": "string_to_index_1/hash_table",
            "pid": 1,
            "tid": 2,
            "ts": 1538571933645185,
            "id": 31
        },
        {
            "ph": "t",
            "cat": "DataFlow",
            "name": "string_to_index_1/hash_table",
            "pid": 1,
            "tid": 1,
            "ts": 1538571933645658,
            "id": 31
        },
        {
            "ph": "s",
            "cat": "DataFlow",
            "name": "string_to_index_1/hash_table/Const",
            "pid": 1,
            "tid": 0,
            "ts": 1538571933645159,
            "id": 32
        },
        {
            "ph": "t",
            "cat": "DataFlow",
            "name": "string_to_index_1/hash_table/Const",
            "pid": 1,
            "tid": 1,
            "ts": 1538571933645658,
            "id": 32
        },
        {
            "ph": "X",
            "cat": "Op",
            "name": "LookupTableFindV2",
            "pid": 1,
            "tid": 2,
            "ts": 1538571933645662,
            "dur": 9,
            "args": {
                "name": "hash_table_Lookup_4",
                "op": "LookupTableFindV2",
                "input0": "string_to_index/hash_table",
                "input1": "StringSplit_16:1",
                "input2": "string_to_index_1/hash_table/Const"
            }
        },
        {
            "ph": "s",
            "cat": "DataFlow",
            "name": "string_to_index/hash_table",
            "pid": 1,
            "tid": 1,
            "ts": 1538571933645203,
            "id": 33
        },
        {
            "ph": "t",
            "cat": "DataFlow",
            "name": "string_to_index/hash_table",
            "pid": 1,
            "tid": 2,
            "ts": 1538571933645662,
            "id": 33
        },
        {
            "ph": "s",
            "cat": "DataFlow",
            "name": "string_to_index_1/hash_table/Const",
            "pid": 1,
            "tid": 0,
            "ts": 1538571933645159,
            "id": 34
        },
        {
            "ph": "t",
            "cat": "DataFlow",
            "name": "string_to_index_1/hash_table/Const",
            "pid": 1,
            "tid": 2,
            "ts": 1538571933645662,
            "id": 34
        },
        {
            "ph": "X",
            "cat": "Op",
            "name": "SparseToDense",
            "pid": 1,
            "tid": 3,
            "ts": 1538571933645664,
            "dur": 11,
            "args": {
                "name": "SparseToDense_24",
                "op": "SparseToDense",
                "input0": "StringSplit_12",
                "input1": "StringSplit_12:2",
                "input2": "hash_table_Lookup_12",
                "input3": "SparseToDense/default_value"
            }
        },
        {
            "ph": "s",
            "cat": "DataFlow",
            "name": "hash_table_Lookup_12",
            "pid": 1,
            "tid": 8,
            "ts": 1538571933645628,
            "id": 35
        },
        {
            "ph": "t",
            "cat": "DataFlow",
            "name": "hash_table_Lookup_12",
            "pid": 1,
            "tid": 3,
            "ts": 1538571933645664,
            "id": 35
        },
        {
            "ph": "s",
            "cat": "DataFlow",
            "name": "SparseToDense/default_value",
            "pid": 1,
            "tid": 0,
            "ts": 1538571933645164,
            "id": 36
        },
        {
            "ph": "t",
            "cat": "DataFlow",
            "name": "SparseToDense/default_value",
            "pid": 1,
            "tid": 3,
            "ts": 1538571933645664,
            "id": 36
        },
        {
            "ph": "X",
            "cat": "Op",
            "name": "_Retval",
            "pid": 1,
            "tid": 4,
            "ts": 1538571933645665,
            "dur": 1,
            "args": {
                "name": "_retval_SparseToDense_38_0_31",
                "op": "_Retval",
                "input0": "SparseToDense_38"
            }
        },
        {
            "ph": "s",
            "cat": "DataFlow",
            "name": "SparseToDense_38",
            "pid": 1,
            "tid": 5,
            "ts": 1538571933645661,
            "id": 37
        },
        {
            "ph": "t",
            "cat": "DataFlow",
            "name": "SparseToDense_38",
            "pid": 1,
            "tid": 4,
            "ts": 1538571933645665,
            "id": 37
        },
        {
            "ph": "X",
            "cat": "Op",
            "name": "_Retval",
            "pid": 1,
            "tid": 0,
            "ts": 1538571933645679,
            "dur": 1,
            "args": {
                "name": "_retval_SparseToDense_24_0_16",
                "op": "_Retval",
                "input0": "SparseToDense_24"
            }
        },
        {
            "ph": "s",
            "cat": "DataFlow",
            "name": "SparseToDense_24",
            "pid": 1,
            "tid": 3,
            "ts": 1538571933645675,
            "id": 38
        },
        {
            "ph": "t",
            "cat": "DataFlow",
            "name": "SparseToDense_24",
            "pid": 1,
            "tid": 0,
            "ts": 1538571933645679,
            "id": 38
        },
        {
            "ph": "X",
            "cat": "Op",
            "name": "SparseToDense",
            "pid": 1,
            "tid": 1,
            "ts": 1538571933645672,
            "dur": 8,
            "args": {
                "name": "SparseToDense_31",
                "op": "SparseToDense",
                "input0": "StringSplit_16",
                "input1": "StringSplit_16:2",
                "input2": "hash_table_Lookup_16",
                "input3": "SparseToDense/default_value"
            }
        },
        {
            "ph": "s",
            "cat": "DataFlow",
            "name": "SparseToDense/default_value",
            "pid": 1,
            "tid": 0,
            "ts": 1538571933645164,
            "id": 39
        },
        {
            "ph": "t",
            "cat": "DataFlow",
            "name": "SparseToDense/default_value",
            "pid": 1,
            "tid": 1,
            "ts": 1538571933645672,
            "id": 39
        },
        {
            "ph": "X",
            "cat": "Op",
            "name": "SparseToDense",
            "pid": 1,
            "tid": 2,
            "ts": 1538571933645673,
            "dur": 9,
            "args": {
                "name": "SparseToDense_7",
                "op": "SparseToDense",
                "input0": "StringSplit_16",
                "input1": "StringSplit_16:2",
                "input2": "hash_table_Lookup_4",
                "input3": "SparseToDense/default_value"
            }
        },
        {
            "ph": "s",
            "cat": "DataFlow",
            "name": "SparseToDense/default_value",
            "pid": 1,
            "tid": 0,
            "ts": 1538571933645164,
            "id": 40
        },
        {
            "ph": "t",
            "cat": "DataFlow",
            "name": "SparseToDense/default_value",
            "pid": 1,
            "tid": 2,
            "ts": 1538571933645673,
            "id": 40
        },
        {
            "ph": "X",
            "cat": "Op",
            "name": "_Retval",
            "pid": 1,
            "tid": 0,
            "ts": 1538571933645683,
            "dur": 1,
            "args": {
                "name": "_retval_SparseToDense_31_0_24",
                "op": "_Retval",
                "input0": "SparseToDense_31"
            }
        },
        {
            "ph": "s",
            "cat": "DataFlow",
            "name": "SparseToDense_31",
            "pid": 1,
            "tid": 1,
            "ts": 1538571933645680,
            "id": 41
        },
        {
            "ph": "t",
            "cat": "DataFlow",
            "name": "SparseToDense_31",
            "pid": 1,
            "tid": 0,
            "ts": 1538571933645683,
            "id": 41
        },
        {
            "ph": "X",
            "cat": "Op",
            "name": "LookupTableFindV2",
            "pid": 1,
            "tid": 6,
            "ts": 1538571933645657,
            "dur": 27,
            "args": {
                "name": "hash_table_Lookup_13",
                "op": "LookupTableFindV2",
                "input0": "string_to_index_1/hash_table",
                "input1": "StringSplit_15:1",
                "input2": "string_to_index_1/hash_table/Const"
            }
        },
        {
            "ph": "s",
            "cat": "DataFlow",
            "name": "string_to_index_1/hash_table",
            "pid": 1,
            "tid": 2,
            "ts": 1538571933645185,
            "id": 42
        },
        {
            "ph": "t",
            "cat": "DataFlow",
            "name": "string_to_index_1/hash_table",
            "pid": 1,
            "tid": 6,
            "ts": 1538571933645657,
            "id": 42
        },
        {
            "ph": "s",
            "cat": "DataFlow",
            "name": "string_to_index_1/hash_table/Const",
            "pid": 1,
            "tid": 0,
            "ts": 1538571933645159,
            "id": 43
        },
        {
            "ph": "t",
            "cat": "DataFlow",
            "name": "string_to_index_1/hash_table/Const",
            "pid": 1,
            "tid": 6,
            "ts": 1538571933645657,
            "id": 43
        },
        {
            "ph": "X",
            "cat": "Op",
            "name": "LookupTableFindV2",
            "pid": 1,
            "tid": 4,
            "ts": 1538571933645668,
            "dur": 10,
            "args": {
                "name": "hash_table_Lookup_2",
                "op": "LookupTableFindV2",
                "input0": "string_to_index/hash_table",
                "input1": "StringSplit_18:1",
                "input2": "string_to_index_1/hash_table/Const"
            }
        },
        {
            "ph": "s",
            "cat": "DataFlow",
            "name": "string_to_index/hash_table",
            "pid": 1,
            "tid": 1,
            "ts": 1538571933645203,
            "id": 44
        },
        {
            "ph": "t",
            "cat": "DataFlow",
            "name": "string_to_index/hash_table",
            "pid": 1,
            "tid": 4,
            "ts": 1538571933645668,
            "id": 44
        },
        {
            "ph": "s",
            "cat": "DataFlow",
            "name": "string_to_index_1/hash_table/Const",
            "pid": 1,
            "tid": 0,
            "ts": 1538571933645159,
            "id": 45
        },
        {
            "ph": "t",
            "cat": "DataFlow",
            "name": "string_to_index_1/hash_table/Const",
            "pid": 1,
            "tid": 4,
            "ts": 1538571933645668,
            "id": 45
        },
        {
            "ph": "X",
            "cat": "Op",
            "name": "LookupTableFindV2",
            "pid": 1,
            "tid": 7,
            "ts": 1538571933645656,
            "dur": 33,
            "args": {
                "name": "hash_table_Lookup_1",
                "op": "LookupTableFindV2",
                "input0": "string_to_index/hash_table",
                "input1": "StringSplit_15:1",
                "input2": "string_to_index_1/hash_table/Const"
            }
        },
        {
            "ph": "s",
            "cat": "DataFlow",
            "name": "string_to_index/hash_table",
            "pid": 1,
            "tid": 1,
            "ts": 1538571933645203,
            "id": 46
        },
        {
            "ph": "t",
            "cat": "DataFlow",
            "name": "string_to_index/hash_table",
            "pid": 1,
            "tid": 7,
            "ts": 1538571933645656,
            "id": 46
        },
        {
            "ph": "s",
            "cat": "DataFlow",
            "name": "string_to_index_1/hash_table/Const",
            "pid": 1,
            "tid": 0,
            "ts": 1538571933645159,
            "id": 47
        },
        {
            "ph": "t",
            "cat": "DataFlow",
            "name": "string_to_index_1/hash_table/Const",
            "pid": 1,
            "tid": 7,
            "ts": 1538571933645656,
            "id": 47
        },
        {
            "ph": "X",
            "cat": "Op",
            "name": "SparseToDense",
            "pid": 1,
            "tid": 5,
            "ts": 1538571933645675,
            "dur": 15,
            "args": {
                "name": "SparseToDense_19",
                "op": "SparseToDense",
                "input0": "StringSplit_7",
                "input1": "StringSplit_7:2",
                "input2": "hash_table_Lookup_10",
                "input3": "SparseToDense/default_value"
            }
        },
        {
            "ph": "s",
            "cat": "DataFlow",
            "name": "hash_table_Lookup_10",
            "pid": 1,
            "tid": 9,
            "ts": 1538571933645645,
            "id": 48
        },
        {
            "ph": "t",
            "cat": "DataFlow",
            "name": "hash_table_Lookup_10",
            "pid": 1,
            "tid": 5,
            "ts": 1538571933645675,
            "id": 48
        },
        {
            "ph": "s",
            "cat": "DataFlow",
            "name": "SparseToDense/default_value",
            "pid": 1,
            "tid": 0,
            "ts": 1538571933645164,
            "id": 49
        },
        {
            "ph": "t",
            "cat": "DataFlow",
            "name": "SparseToDense/default_value",
            "pid": 1,
            "tid": 5,
            "ts": 1538571933645675,
            "id": 49
        },
        {
            "ph": "X",
            "cat": "Op",
            "name": "_Retval",
            "pid": 1,
            "tid": 0,
            "ts": 1538571933645689,
            "dur": 2,
            "args": {
                "name": "_retval_SparseToDense_7_0_39",
                "op": "_Retval",
                "input0": "SparseToDense_7"
            }
        },
        {
            "ph": "s",
            "cat": "DataFlow",
            "name": "SparseToDense_7",
            "pid": 1,
            "tid": 2,
            "ts": 1538571933645682,
            "id": 50
        },
        {
            "ph": "t",
            "cat": "DataFlow",
            "name": "SparseToDense_7",
            "pid": 1,
            "tid": 0,
            "ts": 1538571933645689,
            "id": 50
        },
        {
            "ph": "X",
            "cat": "Op",
            "name": "_Retval",
            "pid": 1,
            "tid": 0,
            "ts": 1538571933645695,
            "dur": 2,
            "args": {
                "name": "_retval_SparseToDense_19_0_10",
                "op": "_Retval",
                "input0": "SparseToDense_19"
            }
        },
        {
            "ph": "s",
            "cat": "DataFlow",
            "name": "SparseToDense_19",
            "pid": 1,
            "tid": 5,
            "ts": 1538571933645690,
            "id": 51
        },
        {
            "ph": "t",
            "cat": "DataFlow",
            "name": "SparseToDense_19",
            "pid": 1,
            "tid": 0,
            "ts": 1538571933645695,
            "id": 51
        },
        {
            "ph": "X",
            "cat": "Op",
            "name": "LookupTableFindV2",
            "pid": 1,
            "tid": 1,
            "ts": 1538571933645688,
            "dur": 10,
            "args": {
                "name": "hash_table_Lookup_5",
                "op": "LookupTableFindV2",
                "input0": "string_to_index/hash_table",
                "input1": "StringSplit_19:1",
                "input2": "string_to_index_1/hash_table/Const"
            }
        },
        {
            "ph": "s",
            "cat": "DataFlow",
            "name": "string_to_index_1/hash_table/Const",
            "pid": 1,
            "tid": 0,
            "ts": 1538571933645159,
            "id": 52
        },
        {
            "ph": "t",
            "cat": "DataFlow",
            "name": "string_to_index_1/hash_table/Const",
            "pid": 1,
            "tid": 1,
            "ts": 1538571933645688,
            "id": 52
        },
        {
            "ph": "X",
            "cat": "Op",
            "name": "SparseToDense",
            "pid": 1,
            "tid": 2,
            "ts": 1538571933645689,
            "dur": 10,
            "args": {
                "name": "SparseToDense_25",
                "op": "SparseToDense",
                "input0": "StringSplit_15",
                "input1": "StringSplit_15:2",
                "input2": "hash_table_Lookup_13",
                "input3": "SparseToDense/default_value"
            }
        },
        {
            "ph": "s",
            "cat": "DataFlow",
            "name": "hash_table_Lookup_13",
            "pid": 1,
            "tid": 6,
            "ts": 1538571933645684,
            "id": 53
        },
        {
            "ph": "t",
            "cat": "DataFlow",
            "name": "hash_table_Lookup_13",
            "pid": 1,
            "tid": 2,
            "ts": 1538571933645689,
            "id": 53
        },
        {
            "ph": "s",
            "cat": "DataFlow",
            "name": "SparseToDense/default_value",
            "pid": 1,
            "tid": 0,
            "ts": 1538571933645164,
            "id": 54
        },
        {
            "ph": "t",
            "cat": "DataFlow",
            "name": "SparseToDense/default_value",
            "pid": 1,
            "tid": 2,
            "ts": 1538571933645689,
            "id": 54
        },
        {
            "ph": "X",
            "cat": "Op",
            "name": "SparseToDense",
            "pid": 1,
            "tid": 3,
            "ts": 1538571933645692,
            "dur": 10,
            "args": {
                "name": "SparseToDense_2",
                "op": "SparseToDense",
                "input0": "StringSplit_18",
                "input1": "StringSplit_18:2",
                "input2": "hash_table_Lookup_2",
                "input3": "SparseToDense/default_value"
            }
        },
        {
            "ph": "s",
            "cat": "DataFlow",
            "name": "hash_table_Lookup_2",
            "pid": 1,
            "tid": 4,
            "ts": 1538571933645678,
            "id": 55
        },
        {
            "ph": "t",
            "cat": "DataFlow",
            "name": "hash_table_Lookup_2",
            "pid": 1,
            "tid": 3,
            "ts": 1538571933645692,
            "id": 55
        },
        {
            "ph": "s",
            "cat": "DataFlow",
            "name": "SparseToDense/default_value",
            "pid": 1,
            "tid": 0,
            "ts": 1538571933645164,
            "id": 56
        },
        {
            "ph": "t",
            "cat": "DataFlow",
            "name": "SparseToDense/default_value",
            "pid": 1,
            "tid": 3,
            "ts": 1538571933645692,
            "id": 56
        },
        {
            "ph": "X",
            "cat": "Op",
            "name": "LookupTableFindV2",
            "pid": 1,
            "tid": 4,
            "ts": 1538571933645696,
            "dur": 9,
            "args": {
                "name": "hash_table_Lookup_6",
                "op": "LookupTableFindV2",
                "input0": "string_to_index/hash_table",
                "input1": "StringSplit_2:1",
                "input2": "string_to_index_1/hash_table/Const"
            }
        },
        {
            "ph": "s",
            "cat": "DataFlow",
            "name": "string_to_index/hash_table",
            "pid": 1,
            "tid": 1,
            "ts": 1538571933645203,
            "id": 57
        },
        {
            "ph": "t",
            "cat": "DataFlow",
            "name": "string_to_index/hash_table",
            "pid": 1,
            "tid": 4,
            "ts": 1538571933645696,
            "id": 57
        },
        {
            "ph": "s",
            "cat": "DataFlow",
            "name": "string_to_index_1/hash_table/Const",
            "pid": 1,
            "tid": 0,
            "ts": 1538571933645159,
            "id": 58
        },
        {
            "ph": "t",
            "cat": "DataFlow",
            "name": "string_to_index_1/hash_table/Const",
            "pid": 1,
            "tid": 4,
            "ts": 1538571933645696,
            "id": 58
        },
        {
            "ph": "X",
            "cat": "Op",
            "name": "_Retval",
            "pid": 1,
            "tid": 0,
            "ts": 1538571933645704,
            "dur": 2,
            "args": {
                "name": "_retval_SparseToDense_25_0_17",
                "op": "_Retval",
                "input0": "SparseToDense_25"
            }
        },
        {
            "ph": "s",
            "cat": "DataFlow",
            "name": "SparseToDense_25",
            "pid": 1,
            "tid": 2,
            "ts": 1538571933645699,
            "id": 59
        },
        {
            "ph": "t",
            "cat": "DataFlow",
            "name": "SparseToDense_25",
            "pid": 1,
            "tid": 0,
            "ts": 1538571933645704,
            "id": 59
        },
        {
            "ph": "X",
            "cat": "Op",
            "name": "SparseToDense",
            "pid": 1,
            "tid": 5,
            "ts": 1538571933645692,
            "dur": 14,
            "args": {
                "name": "SparseToDense_1",
                "op": "SparseToDense",
                "input0": "StringSplit_15",
                "input1": "StringSplit_15:2",
                "input2": "hash_table_Lookup_1",
                "input3": "SparseToDense/default_value"
            }
        },
        {
            "ph": "s",
            "cat": "DataFlow",
            "name": "hash_table_Lookup_1",
            "pid": 1,
            "tid": 7,
            "ts": 1538571933645689,
            "id": 60
        },
        {
            "ph": "t",
            "cat": "DataFlow",
            "name": "hash_table_Lookup_1",
            "pid": 1,
            "tid": 5,
            "ts": 1538571933645692,
            "id": 60
        },
        {
            "ph": "s",
            "cat": "DataFlow",
            "name": "SparseToDense/default_value",
            "pid": 1,
            "tid": 0,
            "ts": 1538571933645164,
            "id": 61
        },
        {
            "ph": "t",
            "cat": "DataFlow",
            "name": "SparseToDense/default_value",
            "pid": 1,
            "tid": 5,
            "ts": 1538571933645692,
            "id": 61
        },
        {
            "ph": "X",
            "cat": "Op",
            "name": "LookupTableFindV2",
            "pid": 1,
            "tid": 6,
            "ts": 1538571933645686,
            "dur": 21,
            "args": {
                "name": "hash_table_Lookup_14",
                "op": "LookupTableFindV2",
                "input0": "string_to_index_1/hash_table",
                "input1": "StringSplit_18:1",
                "input2": "string_to_index_1/hash_table/Const"
            }
        },
        {
            "ph": "s",
            "cat": "DataFlow",
            "name": "string_to_index_1/hash_table",
            "pid": 1,
            "tid": 2,
            "ts": 1538571933645185,
            "id": 62
        },
        {
            "ph": "t",
            "cat": "DataFlow",
            "name": "string_to_index_1/hash_table",
            "pid": 1,
            "tid": 6,
            "ts": 1538571933645686,
            "id": 62
        },
        {
            "ph": "s",
            "cat": "DataFlow",
            "name": "string_to_index_1/hash_table/Const",
            "pid": 1,
            "tid": 0,
            "ts": 1538571933645159,
            "id": 63
        },
        {
            "ph": "t",
            "cat": "DataFlow",
            "name": "string_to_index_1/hash_table/Const",
            "pid": 1,
            "tid": 6,
            "ts": 1538571933645686,
            "id": 63
        },
        {
            "ph": "X",
            "cat": "Op",
            "name": "LookupTableFindV2",
            "pid": 1,
            "tid": 1,
            "ts": 1538571933645699,
            "dur": 8,
            "args": {
                "name": "hash_table_Lookup_19",
                "op": "LookupTableFindV2",
                "input0": "string_to_index_1/hash_table",
                "input1": "StringSplit_6:1",
                "input2": "string_to_index_1/hash_table/Const"
            }
        },
        {
            "ph": "s",
            "cat": "DataFlow",
            "name": "string_to_index_1/hash_table",
            "pid": 1,
            "tid": 2,
            "ts": 1538571933645185,
            "id": 64
        },
        {
            "ph": "t",
            "cat": "DataFlow",
            "name": "string_to_index_1/hash_table",
            "pid": 1,
            "tid": 1,
            "ts": 1538571933645699,
            "id": 64
        },
        {
            "ph": "s",
            "cat": "DataFlow",
            "name": "string_to_index_1/hash_table/Const",
            "pid": 1,
            "tid": 0,
            "ts": 1538571933645159,
            "id": 65
        },
        {
            "ph": "t",
            "cat": "DataFlow",
            "name": "string_to_index_1/hash_table/Const",
            "pid": 1,
            "tid": 1,
            "ts": 1538571933645699,
            "id": 65
        },
        {
            "ph": "X",
            "cat": "Op",
            "name": "SparseToDense",
            "pid": 1,
            "tid": 0,
            "ts": 1538571933645707,
            "dur": 8,
            "args": {
                "name": "SparseToDense_12",
                "op": "SparseToDense",
                "input0": "StringSplit_2",
                "input1": "StringSplit_2:2",
                "input2": "hash_table_Lookup_6",
                "input3": "SparseToDense/default_value"
            }
        },
        {
            "ph": "s",
            "cat": "DataFlow",
            "name": "hash_table_Lookup_6",
            "pid": 1,
            "tid": 4,
            "ts": 1538571933645705,
            "id": 66
        },
        {
            "ph": "t",
            "cat": "DataFlow",
            "name": "hash_table_Lookup_6",
            "pid": 1,
            "tid": 0,
            "ts": 1538571933645707,
            "id": 66
        },
        {
            "ph": "X",
            "cat": "Op",
            "name": "LookupTableFindV2",
            "pid": 1,
            "tid": 8,
            "ts": 1538571933645686,
            "dur": 29,
            "args": {
                "name": "hash_table_Lookup_17",
                "op": "LookupTableFindV2",
                "input0": "string_to_index_1/hash_table",
                "input1": "StringSplit_19:1",
                "input2": "string_to_index_1/hash_table/Const"
            }
        },
        {
            "ph": "s",
            "cat": "DataFlow",
            "name": "string_to_index_1/hash_table",
            "pid": 1,
            "tid": 2,
            "ts": 1538571933645185,
            "id": 67
        },
        {
            "ph": "t",
            "cat": "DataFlow",
            "name": "string_to_index_1/hash_table",
            "pid": 1,
            "tid": 8,
            "ts": 1538571933645686,
            "id": 67
        },
        {
            "ph": "s",
            "cat": "DataFlow",
            "name": "string_to_index_1/hash_table/Const",
            "pid": 1,
            "tid": 0,
            "ts": 1538571933645159,
            "id": 68
        },
        {
            "ph": "t",
            "cat": "DataFlow",
            "name": "string_to_index_1/hash_table/Const",
            "pid": 1,
            "tid": 8,
            "ts": 1538571933645686,
            "id": 68
        },
        {
            "ph": "X",
            "cat": "Op",
            "name": "_Retval",
            "pid": 1,
            "tid": 0,
            "ts": 1538571933645718,
            "dur": 1,
            "args": {
                "name": "_retval_SparseToDense_12_0_3",
                "op": "_Retval",
                "input0": "SparseToDense_12"
            }
        },
        {
            "ph": "X",
            "cat": "Op",
            "name": "LookupTableFindV2",
            "pid": 1,
            "tid": 1,
            "ts": 1538571933645711,
            "dur": 10,
            "args": {
                "name": "hash_table_Lookup_18",
                "op": "LookupTableFindV2",
                "input0": "string_to_index_1/hash_table",
                "input1": "StringSplit_2:1",
                "input2": "string_to_index_1/hash_table/Const"
            }
        },
        {
            "ph": "s",
            "cat": "DataFlow",
            "name": "string_to_index_1/hash_table",
            "pid": 1,
            "tid": 2,
            "ts": 1538571933645185,
            "id": 69
        },
        {
            "ph": "t",
            "cat": "DataFlow",
            "name": "string_to_index_1/hash_table",
            "pid": 1,
            "tid": 1,
            "ts": 1538571933645711,
            "id": 69
        },
        {
            "ph": "s",
            "cat": "DataFlow",
            "name": "string_to_index_1/hash_table/Const",
            "pid": 1,
            "tid": 0,
            "ts": 1538571933645159,
            "id": 70
        },
        {
            "ph": "t",
            "cat": "DataFlow",
            "name": "string_to_index_1/hash_table/Const",
            "pid": 1,
            "tid": 1,
            "ts": 1538571933645711,
            "id": 70
        },
        {
            "ph": "X",
            "cat": "Op",
            "name": "SparseToDense",
            "pid": 1,
            "tid": 2,
            "ts": 1538571933645713,
            "dur": 9,
            "args": {
                "name": "SparseToDense_37",
                "op": "SparseToDense",
                "input0": "StringSplit_6",
                "input1": "StringSplit_6:2",
                "input2": "hash_table_Lookup_19",
                "input3": "SparseToDense/default_value"
            }
        },
        {
            "ph": "s",
            "cat": "DataFlow",
            "name": "hash_table_Lookup_19",
            "pid": 1,
            "tid": 1,
            "ts": 1538571933645707,
            "id": 71
        },
        {
            "ph": "t",
            "cat": "DataFlow",
            "name": "hash_table_Lookup_19",
            "pid": 1,
            "tid": 2,
            "ts": 1538571933645713,
            "id": 71
        },
        {
            "ph": "s",
            "cat": "DataFlow",
            "name": "SparseToDense/default_value",
            "pid": 1,
            "tid": 0,
            "ts": 1538571933645164,
            "id": 72
        },
        {
            "ph": "t",
            "cat": "DataFlow",
            "name": "SparseToDense/default_value",
            "pid": 1,
            "tid": 2,
            "ts": 1538571933645713,
            "id": 72
        },
        {
            "ph": "X",
            "cat": "Op",
            "name": "_Retval",
            "pid": 1,
            "tid": 3,
            "ts": 1538571933645705,
            "dur": 18,
            "args": {
                "name": "_retval_SparseToDense_2_0_22",
                "op": "_Retval",
                "input0": "SparseToDense_2"
            }
        },
        {
            "ph": "X",
            "cat": "Op",
            "name": "_Retval",
            "pid": 1,
            "tid": 0,
            "ts": 1538571933645729,
            "dur": 2,
            "args": {
                "name": "_retval_SparseToDense_37_0_30",
                "op": "_Retval",
                "input0": "SparseToDense_37"
            }
        },
        {
            "ph": "s",
            "cat": "DataFlow",
            "name": "SparseToDense_37",
            "pid": 1,
            "tid": 2,
            "ts": 1538571933645722,
            "id": 73
        },
        {
            "ph": "t",
            "cat": "DataFlow",
            "name": "SparseToDense_37",
            "pid": 1,
            "tid": 0,
            "ts": 1538571933645729,
            "id": 73
        },
        {
            "ph": "X",
            "cat": "Op",
            "name": "SparseToDense",
            "pid": 1,
            "tid": 1,
            "ts": 1538571933645724,
            "dur": 8,
            "args": {
                "name": "SparseToDense_36",
                "op": "SparseToDense",
                "input0": "StringSplit_2",
                "input1": "StringSplit_2:2",
                "input2": "hash_table_Lookup_18",
                "input3": "SparseToDense/default_value"
            }
        },
        {
            "ph": "s",
            "cat": "DataFlow",
            "name": "SparseToDense/default_value",
            "pid": 1,
            "tid": 0,
            "ts": 1538571933645164,
            "id": 74
        },
        {
            "ph": "t",
            "cat": "DataFlow",
            "name": "SparseToDense/default_value",
            "pid": 1,
            "tid": 1,
            "ts": 1538571933645724,
            "id": 74
        },
        {
            "ph": "X",
            "cat": "Op",
            "name": "SparseToDense",
            "pid": 1,
            "tid": 7,
            "ts": 1538571933645701,
            "dur": 32,
            "args": {
                "name": "SparseToDense_8",
                "op": "SparseToDense",
                "input0": "StringSplit_19",
                "input1": "StringSplit_19:2",
                "input2": "hash_table_Lookup_5",
                "input3": "SparseToDense/default_value"
            }
        },
        {
            "ph": "s",
            "cat": "DataFlow",
            "name": "hash_table_Lookup_5",
            "pid": 1,
            "tid": 1,
            "ts": 1538571933645698,
            "id": 75
        },
        {
            "ph": "t",
            "cat": "DataFlow",
            "name": "hash_table_Lookup_5",
            "pid": 1,
            "tid": 7,
            "ts": 1538571933645701,
            "id": 75
        },
        {
            "ph": "s",
            "cat": "DataFlow",
            "name": "SparseToDense/default_value",
            "pid": 1,
            "tid": 0,
            "ts": 1538571933645164,
            "id": 76
        },
        {
            "ph": "t",
            "cat": "DataFlow",
            "name": "SparseToDense/default_value",
            "pid": 1,
            "tid": 7,
            "ts": 1538571933645701,
            "id": 76
        },
        {
            "ph": "X",
            "cat": "Op",
            "name": "SparseToDense",
            "pid": 1,
            "tid": 4,
            "ts": 1538571933645712,
            "dur": 22,
            "args": {
                "name": "SparseToDense_26",
                "op": "SparseToDense",
                "input0": "StringSplit_18",
                "input1": "StringSplit_18:2",
                "input2": "hash_table_Lookup_14",
                "input3": "SparseToDense/default_value"
            }
        },
        {
            "ph": "s",
            "cat": "DataFlow",
            "name": "hash_table_Lookup_14",
            "pid": 1,
            "tid": 6,
            "ts": 1538571933645707,
            "id": 77
        },
        {
            "ph": "t",
            "cat": "DataFlow",
            "name": "hash_table_Lookup_14",
            "pid": 1,
            "tid": 4,
            "ts": 1538571933645712,
            "id": 77
        },
        {
            "ph": "s",
            "cat": "DataFlow",
            "name": "SparseToDense/default_value",
            "pid": 1,
            "tid": 0,
            "ts": 1538571933645164,
            "id": 78
        },
        {
            "ph": "t",
            "cat": "DataFlow",
            "name": "SparseToDense/default_value",
            "pid": 1,
            "tid": 4,
            "ts": 1538571933645712,
            "id": 78
        },
        {
            "ph": "X",
            "cat": "Op",
            "name": "_Retval",
            "pid": 1,
            "tid": 0,
            "ts": 1538571933645735,
            "dur": 1,
            "args": {
                "name": "_retval_SparseToDense_36_0_29",
                "op": "_Retval",
                "input0": "SparseToDense_36"
            }
        },
        {
            "ph": "s",
            "cat": "DataFlow",
            "name": "SparseToDense_36",
            "pid": 1,
            "tid": 1,
            "ts": 1538571933645732,
            "id": 79
        },
        {
            "ph": "t",
            "cat": "DataFlow",
            "name": "SparseToDense_36",
            "pid": 1,
            "tid": 0,
            "ts": 1538571933645735,
            "id": 79
        },
        {
            "ph": "X",
            "cat": "Op",
            "name": "_Retval",
            "pid": 1,
            "tid": 0,
            "ts": 1538571933645737,
            "dur": 2,
            "args": {
                "name": "_retval_SparseToDense_26_0_18",
                "op": "_Retval",
                "input0": "SparseToDense_26"
            }
        },
        {
            "ph": "s",
            "cat": "DataFlow",
            "name": "SparseToDense_26",
            "pid": 1,
            "tid": 4,
            "ts": 1538571933645734,
            "id": 80
        },
        {
            "ph": "t",
            "cat": "DataFlow",
            "name": "SparseToDense_26",
            "pid": 1,
            "tid": 0,
            "ts": 1538571933645737,
            "id": 80
        },
        {
            "ph": "X",
            "cat": "Op",
            "name": "LookupTableFindV2",
            "pid": 1,
            "tid": 2,
            "ts": 1538571933645724,
            "dur": 15,
            "args": {
                "name": "hash_table_Lookup_9",
                "op": "LookupTableFindV2",
                "input0": "string_to_index/hash_table",
                "input1": "StringSplit_3:1",
                "input2": "string_to_index_1/hash_table/Const"
            }
        },
        {
            "ph": "s",
            "cat": "DataFlow",
            "name": "string_to_index/hash_table",
            "pid": 1,
            "tid": 1,
            "ts": 1538571933645203,
            "id": 81
        },
        {
            "ph": "t",
            "cat": "DataFlow",
            "name": "string_to_index/hash_table",
            "pid": 1,
            "tid": 2,
            "ts": 1538571933645724,
            "id": 81
        },
        {
            "ph": "s",
            "cat": "DataFlow",
            "name": "string_to_index_1/hash_table/Const",
            "pid": 1,
            "tid": 0,
            "ts": 1538571933645159,
            "id": 82
        },
        {
            "ph": "t",
            "cat": "DataFlow",
            "name": "string_to_index_1/hash_table/Const",
            "pid": 1,
            "tid": 2,
            "ts": 1538571933645724,
            "id": 82
        },
        {
            "ph": "X",
            "cat": "Op",
            "name": "_Retval",
            "pid": 1,
            "tid": 5,
            "ts": 1538571933645709,
            "dur": 33,
            "args": {
                "name": "_retval_SparseToDense_1_0_11",
                "op": "_Retval",
                "input0": "SparseToDense_1"
            }
        },
        {
            "ph": "X",
            "cat": "Op",
            "name": "SparseToDense",
            "pid": 1,
            "tid": 6,
            "ts": 1538571933645718,
            "dur": 32,
            "args": {
                "name": "SparseToDense_32",
                "op": "SparseToDense",
                "input0": "StringSplit_19",
                "input1": "StringSplit_19:2",
                "input2": "hash_table_Lookup_17",
                "input3": "SparseToDense/default_value"
            }
        },
        {
            "ph": "s",
            "cat": "DataFlow",
            "name": "hash_table_Lookup_17",
            "pid": 1,
            "tid": 8,
            "ts": 1538571933645715,
            "id": 83
        },
        {
            "ph": "t",
            "cat": "DataFlow",
            "name": "hash_table_Lookup_17",
            "pid": 1,
            "tid": 6,
            "ts": 1538571933645718,
            "id": 83
        },
        {
            "ph": "s",
            "cat": "DataFlow",
            "name": "SparseToDense/default_value",
            "pid": 1,
            "tid": 0,
            "ts": 1538571933645164,
            "id": 84
        },
        {
            "ph": "t",
            "cat": "DataFlow",
            "name": "SparseToDense/default_value",
            "pid": 1,
            "tid": 6,
            "ts": 1538571933645718,
            "id": 84
        },
        {
            "ph": "X",
            "cat": "Op",
            "name": "_Retval",
            "pid": 1,
            "tid": 0,
            "ts": 1538571933645752,
            "dur": 2,
            "args": {
                "name": "_retval_SparseToDense_32_0_25",
                "op": "_Retval",
                "input0": "SparseToDense_32"
            }
        },
        {
            "ph": "s",
            "cat": "DataFlow",
            "name": "SparseToDense_32",
            "pid": 1,
            "tid": 6,
            "ts": 1538571933645750,
            "id": 85
        },
        {
            "ph": "t",
            "cat": "DataFlow",
            "name": "SparseToDense_32",
            "pid": 1,
            "tid": 0,
            "ts": 1538571933645752,
            "id": 85
        },
        {
            "ph": "X",
            "cat": "Op",
            "name": "SparseToDense",
            "pid": 1,
            "tid": 1,
            "ts": 1538571933645742,
            "dur": 16,
            "args": {
                "name": "SparseToDense_18",
                "op": "SparseToDense",
                "input0": "StringSplit_3",
                "input1": "StringSplit_3:2",
                "input2": "hash_table_Lookup_9",
                "input3": "SparseToDense/default_value"
            }
        },
        {
            "ph": "s",
            "cat": "DataFlow",
            "name": "hash_table_Lookup_9",
            "pid": 1,
            "tid": 2,
            "ts": 1538571933645739,
            "id": 86
        },
        {
            "ph": "t",
            "cat": "DataFlow",
            "name": "hash_table_Lookup_9",
            "pid": 1,
            "tid": 1,
            "ts": 1538571933645742,
            "id": 86
        },
        {
            "ph": "s",
            "cat": "DataFlow",
            "name": "SparseToDense/default_value",
            "pid": 1,
            "tid": 0,
            "ts": 1538571933645164,
            "id": 87
        },
        {
            "ph": "t",
            "cat": "DataFlow",
            "name": "SparseToDense/default_value",
            "pid": 1,
            "tid": 1,
            "ts": 1538571933645742,
            "id": 87
        },
        {
            "ph": "X",
            "cat": "Op",
            "name": "_Retval",
            "pid": 1,
            "tid": 0,
            "ts": 1538571933645761,
            "dur": 1,
            "args": {
                "name": "_retval_SparseToDense_18_0_9",
                "op": "_Retval",
                "input0": "SparseToDense_18"
            }
        },
        {
            "ph": "s",
            "cat": "DataFlow",
            "name": "SparseToDense_18",
            "pid": 1,
            "tid": 1,
            "ts": 1538571933645758,
            "id": 88
        },
        {
            "ph": "t",
            "cat": "DataFlow",
            "name": "SparseToDense_18",
            "pid": 1,
            "tid": 0,
            "ts": 1538571933645761,
            "id": 88
        },
        {
            "ph": "X",
            "cat": "Op",
            "name": "LookupTableFindV2",
            "pid": 1,
            "tid": 3,
            "ts": 1538571933645729,
            "dur": 34,
            "args": {
                "name": "hash_table_Lookup_7",
                "op": "LookupTableFindV2",
                "input0": "string_to_index/hash_table",
                "input1": "StringSplit_6:1",
                "input2": "string_to_index_1/hash_table/Const"
            }
        },
        {
            "ph": "s",
            "cat": "DataFlow",
            "name": "string_to_index/hash_table",
            "pid": 1,
            "tid": 1,
            "ts": 1538571933645203,
            "id": 89
        },
        {
            "ph": "t",
            "cat": "DataFlow",
            "name": "string_to_index/hash_table",
            "pid": 1,
            "tid": 3,
            "ts": 1538571933645729,
            "id": 89
        },
        {
            "ph": "s",
            "cat": "DataFlow",
            "name": "string_to_index_1/hash_table/Const",
            "pid": 1,
            "tid": 0,
            "ts": 1538571933645159,
            "id": 90
        },
        {
            "ph": "t",
            "cat": "DataFlow",
            "name": "string_to_index_1/hash_table/Const",
            "pid": 1,
            "tid": 3,
            "ts": 1538571933645729,
            "id": 90
        },
        {
            "ph": "X",
            "cat": "Op",
            "name": "_Retval",
            "pid": 1,
            "tid": 4,
            "ts": 1538571933645736,
            "dur": 34,
            "args": {
                "name": "_retval_SparseToDense_8_0_40",
                "op": "_Retval",
                "input0": "SparseToDense_8"
            }
        },
        {
            "ph": "s",
            "cat": "DataFlow",
            "name": "SparseToDense_8",
            "pid": 1,
            "tid": 7,
            "ts": 1538571933645733,
            "id": 91
        },
        {
            "ph": "t",
            "cat": "DataFlow",
            "name": "SparseToDense_8",
            "pid": 1,
            "tid": 4,
            "ts": 1538571933645736,
            "id": 91
        },
        {
            "ph": "X",
            "cat": "Op",
            "name": "SparseToDense",
            "pid": 1,
            "tid": 0,
            "ts": 1538571933645766,
            "dur": 6,
            "args": {
                "name": "SparseToDense_13",
                "op": "SparseToDense",
                "input0": "StringSplit_6",
                "input1": "StringSplit_6:2",
                "input2": "hash_table_Lookup_7",
                "input3": "SparseToDense/default_value"
            }
        },
        {
            "ph": "s",
            "cat": "DataFlow",
            "name": "hash_table_Lookup_7",
            "pid": 1,
            "tid": 3,
            "ts": 1538571933645763,
            "id": 92
        },
        {
            "ph": "t",
            "cat": "DataFlow",
            "name": "hash_table_Lookup_7",
            "pid": 1,
            "tid": 0,
            "ts": 1538571933645766,
            "id": 92
        },
        {
            "ph": "X",
            "cat": "Op",
            "name": "_Retval",
            "pid": 1,
            "tid": 0,
            "ts": 1538571933645774,
            "dur": 3,
            "args": {
                "name": "_retval_SparseToDense_13_0_4",
                "op": "_Retval",
                "input0": "SparseToDense_13"
            }
        }
    ]
}